res,expres,CODE,EDID,DTD,CVT,RB,DATE,DMTID,STDID,CVTID,VIC,HVIC,AR,HTOT,HRES,HSPD,HSPW,HSPP,SCAN,VRAT,VTOT,VRES,VSPD,VSPW,VSPP,PCLK,|,780C,780C,780C,780D 780E,780D 780E,780D 780E,780C 780D 780E,HDBASETIN1,HDMIIN1,HDMIIN2,HDMIINRX,VGAIN1,HDBASETOUT1,HDMIOUT1
640x350@85_DMT,Null,DMT0685F,DMT0685F,1,0,0,03/01/96,1,Null,Null,0,Null,Null,832,640,32,64,+,prog,85.08,445,350,32,3,-,31.5,|,x,x,x,x,x,x,,,,,,,,
640x360@50_CVT,Null,*CVT0650H,CVT0650H,1,0,0,Null,Null,Null,Null,0,Null,Null,800,640,16,64,-,prog,49.3,374,360,3,5,+,14.7504,|,,,x,,,x,,,,,,,,
640x360@60_CVR,Null,*CVR0660H,CVR0660H,1,0,0,Null,Null,Null,Null,0,Null,Null,800,640,48,64,+,prog,59.33,374,360,3,5,-,17.7504,|,,,x,,,x,,,,,,,,
640x360@60_CVT,Null,*CVT0660H,CVT0660H,1,0,0,Null,Null,Null,Null,0,Null,Null,800,640,16,64,-,prog,59.84,376,360,3,5,+,18,|,,,x,,,x,,,,,,,,
640x360@75_CVT,Null,*CVT0675H,CVT0675H,1,0,0,Null,Null,Null,Null,0,Null,Null,800,640,16,64,-,prog,74.21,379,360,3,5,+,22.5,|,,,x,,,x,,,,,,,,
640x360@85_CVT,Null,*CVT0685H,CVT0685H,1,0,0,Null,Null,Null,Null,0,Null,Null,800,640,16,64,-,prog,84.48,381,360,3,5,+,25.7504,|,x,x,x,x,x,x,,,,,,,,
640x400@50_CVT,Null,*CVT0650D,CVT0650D,1,0,0,Null,Null,Null,Null,0,Null,Null,800,640,16,64,-,prog,49.7,415,400,3,6,+,16.5,|,,,x,,,x,,,,,,,,
640x400@59_SMT,Null,*SMT0660D,SMT0660D,1,0,0,Null,Null,Null,Null,0,Null,Null,800,640,16,96,-,prog,59.94,525,400,50,2,-,25.1748,|,x,x,x,x,x,x,,,,,,,,
640x400@60_CVR,Null,*CVR0660D,CVR0660D,1,0,0,Null,Null,Null,Null,0,Null,Null,800,640,48,32,+,prog,59.49,415,400,3,6,-,19.7504,|,,,x,,,x,,,,,,,,
640x400@60_CVT,Null,*CVT0660D,CVT0660D,1,0,0,Null,Null,Null,Null,0,Null,Null,800,640,16,64,-,prog,59.95,417,400,3,6,+,20,|,,,x,,,x,,,,,,,,
640x400@60_IBM,Null,*IBM0660D,IBM0660D,1,0,0,Null,Null,Null,Null,0,Null,Null,824,640,3,115,-,prog,59.64,508,400,42,2,-,24.9639,|,,, ,,,x,,,,,,,,
640x400@75_CVT,Null,*CVT0675D,CVT0675D,1,0,0,Null,Null,Null,Null,0,Null,Null,800,640,16,64,-,prog,74.23,421,400,3,6,+,25,|,x,x,x,x,x,x,,,,,,,,
640x400@85_CVT,Null,*CVT0685D,CVT0685D,1,0,0,Null,Null,Null,Null,0,Null,Null,816,640,24,64,-,prog,84.74,423,400,3,6,+,29.2503,|,x,x,x,x,x,x,,,,,,,,
640x400@85_DMT,Null,DMT0685D,DMT0685D,1,0,0,03/01/96,2,3119,Null,0,Null,Null,832,640,32,64,-,prog,85.08,445,400,1,3,+,31.5,|,x,x,x,x,x,x,,x,x,x,x,x,,
640x480@50_CVT,Null,*CVT0650,CVT0650,1,0,0,Null,Null,Null,Null,0,Null,Null,800,640,16,64,-,prog,49.67,497,480,3,4,+,19.75,|,,,x,,,x,,,,,,,,
640x480@59_DMT,Null,DMT0659,VIC001a,1,0,0,Null,Null,Null,Null,1,Null,4:03,800,640,16,96,-,prog,59.95,525,480,10,2,-,25.1748,|,x,x,x,x,x,x,,,,,,,,
640x480@60_CVR,Null,*CVR0660,CVR0660,1,0,0,Null,Null,Null,Null,0,Null,Null,800,640,48,32,+,prog,59.46,494,480,3,4,-,23.5,|,,,x,,,x,,,,,,,,
640x480@60_CVT,Null,*CVT0660,CVT0660,1,0,0,Null,Null,Null,Null,0,Null,Null,800,640,16,64,-,prog,59.38,500,480,3,4,+,23.75,|,,,x,,,x,,,,,,,,
640x480@60_DMT,Null,DMT0660,VIC001b,1,0,0,Null,4,3140,Null,1,Null,4:03,800,640,16,96,-,prog,60,525,480,10,2,-,25.2,|,x,x,x,x,x,x,,x,x,x,x,x,x,x
640x480@60_IBM,Null,*IBM0660,IBM0660,1,0,0,Null,Null,Null,Null,0,Null,Null,826,640,3,110,-,prog,59.64,508,480,4,2,-,25.0245,|,,, ,x,x,x,,,,,,,,
640x480@67_APP,Null,*APP0667,APP0667,1,0,0,Null,Null,Null,Null,0,Null,Null,896,640,80,64,-,prog,66.62,525,480,3,3,-,31.3376,|,x,x,x,x,x,x,,,,,,,,
640x480@67_DMT,Null,DMT0667,DMT0667,1,0,0,Null,Null,Null,Null,0,Null,Null,864,640,64,64,-,prog,66.67,525,480,3,3,-,30.24,|,x,x,x,x,x,x,,,,,,,,
640x480@72_DMT,Null,DMT0672,DMT0672,1,0,0,11/11/90,5,314C,Null,0,Null,Null,832,640,24,40,-,prog,72.81,520,480,9,3,-,31.5,|,x,x,x,x,x,x,,x,x,x,x,x,x,x
640x480@75_CVT,Null,*CVT0675,CVT0675,1,0,0,Null,Null,Null,Null,0,Null,Null,816,640,24,64,-,prog,74.77,504,480,3,4,+,30.75,|,x,x,x,x,x,x,,,,,,,,
640x480@75_DMT,Null,DMT0675,DMT0675,1,0,0,10/04/93,6,314F,Null,0,Null,Null,840,640,16,64,-,prog,75,500,480,1,3,-,31.5,|,x,x,x,x,x,x,,x,x,x,x,x,x,x
640x480@75_IBM,Null,*IBM0675,IBM0675,1,0,0,Null,Null,Null,Null,0,Null,Null,800,640,16,96,-,prog,75,525,480,11,2,-,31.5,|,x,x,x,x,x,x,,,,,,,,
640x480@85_CVT,Null,*CVT0685,CVT0685,1,0,0,Null,Null,Null,Null,0,Null,Null,816,640,24,64,-,prog,84.6,507,480,3,4,+,35,|,x,x,x,x,x,x,,,,,,,,
640x480@85_DMT,Null,DMT0685,DMT0685,1,0,0,03/01/96,7,3159,Null,0,Null,Null,832,640,56,56,-,prog,85.01,509,480,1,3,-,36,|,x,x,x,x,x,x,,x,x,x,x,x,,
720x400@60_SMT,Null,*SMT0760H,SMT0760H,1,0,0,Null,Null,Null,Null,0,Null,Null,900,720,18,108,-,prog,59.94,525,400,50,2,-,28.3217,|,x,x,x,x,x,x,,,,,,,,
720x350@70_IBM,Null,*IBM0770U,IBM0770U,1,0,0,Null,Null,Null,Null,0,Null,Null,900,720,18,108,+,prog,70.09,449,350,37,2,-,28.3217,|,x,x,x,x,x,x,,,,,,,,
720x400@70_IBM,Null,*IBM0770H,IBM0770H,1,0,0,Null,Null,Null,Null,0,Null,Null,900,720,18,108,-,prog,70.09,449,400,12,2,+,28.3217,|,x,x,x,x,x,x,,,,,,,,
720x400@85_DMT,Null,DMT0785H,DMT0785H,1,0,0,03/01/96,3,Null,Null,0,Null,Null,936,720,36,72,-,prog,85.04,446,400,1,3,+,35.5,|,x,x,x,x,x,x,,x,x,x,x,x,,
720x480i@29_4:3,1440x240,480i29,VIC006a,1,0,0,Null,Null,Null,Null,6,Null,4:03,1716,720,38,124,-,int,59.93,262,480,4,3,-,13.499,|,,,x,,,x,,,,,,,,
720x480i@30_4:3,1440x240,480i30,VIC006b,1,0,0,Null,Null,Null,Null,6,Null,4:03,1716,720,38,124,-,int,60,262,480,4,3,-,13.5135,|,,,x,,,x,,,,,,,,
720x480i@59_4:3,1440x240,480i59,VIC050a,1,0,0,Null,Null,Null,Null,50,Null,4:03,1716,720,38,124,-,int,119.88,262,480,4,3,-,26.9999,|,x,x,x,x,x,x,,,,,,,,
720x480i@60_4:3,1440x240,480i60,VIC050b,1,0,0,Null,Null,Null,Null,50,Null,4:03,1716,720,38,124,-,int,120,262,480,4,3,-,27.027,|,x,x,x,x,x,x,,,,,,,,
720x480i@119_4:3,1440x240,480i119,VIC058a,1,0,0,Null,Null,Null,Null,58,Null,4:03,1716,720,38,124,-,int,239.77,262,480,4,3,-,53.9999,|,x,x,x,x,x,x,,,,,,,,
720x480i@120_4:3,1440x240,480i120,VIC058b,1,0,0,Null,Null,Null,Null,58,Null,4:03,1716,720,38,124,-,int,240,262,480,4,3,-,54.054,|,x,x,x,x,x,x,,,,,,,,
720x480i@29_16:9,1440x240,480i29SH,VIC007a,1,0,0,Null,Null,Null,Null,7,Null,16:09,1716,1440,38,124,-,int,59.93,262,240,4,3,-,13.499,|,x,x,x,,,x,,,,,,,,
720x480i@30_16:9,1440x240,480i30SH,VIC007b,1,0,0,Null,Null,Null,Null,7,Null,16:09,1716,1440,38,124,-,int,60,262,240,4,3,-,13.5135,|,,,x,,,x,,,,,,,,
720x480i@59_16:9,1440x240,480i59SH,VIC051a,1,0,0,Null,Null,Null,Null,51,Null,16:09,1716,1440,38,124,-,int,119.88,262,240,4,3,-,26.9999,|,x,x,x,x,x,x,,,,,,,,
720x480i@60_16:9,1440x240,480i60SH,VIC051b,1,0,0,Null,Null,Null,Null,51,Null,16:09,1716,1440,38,124,-,int,120,262,240,4,3,-,27.027,|,x,x,x,x,x,x,,,,,,,,
720x480i@119_16:9,1440x240,480i119SH,VIC059a,1,0,0,Null,Null,Null,Null,59,Null,16:09,1716,1440,38,124,-,int,239.77,262,240,4,3,-,53.9999,|,x,x,x,x,x,x,,,,,,,,
720x480i@120_16:9,1440x240,480i120SH,VIC059b,1,0,0,Null,Null,Null,Null,59,Null,16:09,1716,1440,38,124,-,int,240,262,240,4,3,-,54.054,|,x,x,x,x,x,x,,,,,,,,
720x480p@59_4:3,Null,480p59,VIC002a,1,0,0,Null,Null,Null,Null,2,Null,4:03,858,720,16,62,-,prog,59.94,525,480,9,6,-,26.9999,|,x,x,x,x,x,x,,,,,,,,
720x480p@60_4:3,Null,480p60,VIC002b,1,0,0,Null,Null,Null,Null,2,Null,4:03,858,720,16,62,-,prog,60,525,480,9,6,-,27.027,|,x,x,x,x,x,x,,x,x,x,x,x,x,x
720x480p@119_4:3,Null,480p119,VIC048a,1,0,0,Null,Null,Null,Null,48,Null,4:03,858,720,16,62,-,prog,119.89,525,480,9,6,-,53.9999,|,x,x,x,x,x,x,,,,,,,,
720x480p@120_4:3,Null,480p120,VIC048b,1,0,0,Null,Null,Null,Null,48,Null,4:03,858,720,16,62,-,prog,120,525,480,9,6,-,54.054,|,x,x,x,x,x,x,,x,x,x,x,x,,
720x480p@239_4:3,Null,480p239,VIC056a,1,0,0,Null,Null,Null,Null,56,Null,4:03,858,720,16,62,-,prog,239.77,525,480,9,6,-,107.9999,|,x,x,x,x,x,x,,,,,,,,
720x480p@240_4:3,Null,480p240,VIC056b,1,0,0,Null,Null,Null,Null,56,Null,4:03,858,720,16,62,-,prog,240,525,480,9,6,-,108.108,|,x,x,x,x,x,x,,x,x,x,x,x,,
720x480p@59_16:9,Null,480p59SH,VIC003a,1,0,0,Null,Null,Null,Null,3,Null,16:09,858,720,16,62,-,prog,59.94,525,480,9,6,-,26.9999,|,x,x,x,x,x,x,,,,,,,,
720x480p@60_16:9,Null,480p60SH,VIC003b,1,0,0,Null,Null,Null,Null,3,Null,16:09,858,720,16,62,-,prog,60,525,480,9,6,-,27.027,|,x,x,x,x,x,x,,,,,,,,
720x480p@119_16:9,Null,480p119SH,VIC049a,1,0,0,Null,Null,Null,Null,49,Null,16:09,858,720,16,62,-,prog,119.89,525,480,9,6,-,53.9999,|,x,x,x,x,x,x,,,,,,,,
720x480p@120_16:9,Null,480p120SH,VIC049b,1,0,0,Null,Null,Null,Null,49,Null,16:09,858,720,16,62,-,prog,120,525,480,9,6,-,54.054,|,x,x,x,x,x,x,,,,,,,,
720x480p@239_16:9,Null,480p239SH,VIC057a,1,0,0,Null,Null,Null,Null,57,Null,16:09,858,720,16,62,-,prog,239.77,525,480,9,6,-,107.9999,|,x,x,x,x,x,x,,,,,,,,
720x480p@240_16:9,Null,480p240SH,VIC057b,1,0,0,Null,Null,Null,Null,57,Null,16:09,858,720,16,62,-,prog,240,525,480,9,6,-,108.108,|,x,x,x,x,x,x,,,,,,,,
720x487i@29,1440x244,487i29,487i29,1,0,0,Null,Null,Null,Null,0,Null,Null,1716,720,38,124,-,int,59.93,263,487,4,3,-,13.4999,|,,,x,,,x,,,,,,,,
720x576i@25_4:3,1440x288,576i25,VIC021,1,0,0,Null,Null,Null,Null,21,Null,4:03,1728,720,24,126,-,int,50,312,576,2,3,-,13.5,|,,,x,,,x,,,,,,,,
720x576i@50_4:3,1440x288,576i50,VIC044,1,0,0,Null,Null,Null,Null,44,Null,4:03,1728,720,24,126,-,int,100,312,576,2,3,-,27,|,x,x,x,x,x,x,,,,,,,,
720x576i@100_4:3,1440x288,576i100,VIC054,1,0,0,Null,Null,Null,Null,54,Null,4:03,1728,720,24,126,-,int,200,312,576,2,3,-,54,|,x,x,x,x,x,x,,,,,,,,
720x576i@25_16:9,1440x288,576i25SH,VIC022,1,0,0,Null,Null,Null,Null,22,Null,16:09,1728,720,24,126,-,int,50,312,576,2,3,-,13.5,|,x,x,x,,,x,,,,,,,,
720x576i@50_16:9,1440x288,576i50SH,VIC045,1,0,0,Null,Null,Null,Null,45,Null,16:09,1728,720,24,126,-,int,100,312,576,2,3,-,27,|,x,x,x,x,x,x,,,,,,,,
720x576i@100_16:9,1440x288,576i100SH,VIC055,1,0,0,Null,Null,Null,Null,55,Null,16:09,1728,720,24,126,-,int,200,312,576,2,3,-,54,|,x,x,x,x,x,x,,,,,,,,
720x576p@50_4:3,Null,576p50,VIC017,1,0,0,Null,Null,Null,Null,17,Null,4:03,864,720,12,64,-,prog,50,625,576,5,5,-,27,|,x,x,x,x,x,x,,,,,,,,
720x576p@100_4:3,Null,576p100,VIC042,1,0,0,Null,Null,Null,Null,42,Null,4:03,864,720,12,64,-,prog,100,625,576,5,5,-,54,|,x,x,x,x,x,x,,,,,,,,
720x576p@200_4:3,Null,576p200,VIC052,1,0,0,Null,Null,Null,Null,52,Null,4:03,864,720,12,64,-,prog,200,625,576,5,5,-,108,|,x,x,x,x,x,x,,,,,,,,
720x576p@50_16:9,Null,576p50SH,VIC018,1,0,0,Null,Null,Null,Null,18,Null,16:09,864,720,12,64,-,prog,50,625,576,5,5,-,27,|,x,x,x,x,x,x,,x,x,x,x,x,,
720x576p@100_16:9,Null,576p100SH,VIC043,1,0,0,Null,Null,Null,Null,43,Null,16:09,864,720,12,64,-,prog,100,625,576,5,5,-,54,|,x,x,x,x,x,x,,x,x,x,x,x,,
720x576p@200_16:9,Null,576p200SH,VIC053,1,0,0,Null,Null,Null,Null,53,Null,16:09,864,720,12,64,-,prog,200,625,576,5,5,-,108,|,x,x,x,x,x,x,,x,x,x,x,x,,
768x480@60_CVR,Null,*CVR0760,CVR0760,1,0,0,Null,Null,Null,Null,0,Null,Null,928,768,48,32,+,prog,59.87,495,480,3,6,-,27.5,|,x,x,x,x,x,x,,,,,,,,
768x480@60_CVT,Null,*CVT0760D,CVT0760D,1,0,0,Null,Null,Null,Null,0,Null,Null,960,768,24,72,-,prog,59.9,500,480,3,6,+,28.75,|,x,x,x,x,x,x,,,,,,,,
768x480@75_CVT,Null,*CVT0775D,CVT0775D,1,0,0,Null,Null,Null,Null,0,Null,Null,976,768,32,72,-,prog,74.71,504,480,3,6,+,36.75,|,x,x,x,x,x,x,,,,,,,,
768x480@85_CVT,Null,*CVT0785D,CVT0785D,1,0,0,Null,Null,Null,Null,0,Null,Null,992,768,40,72,-,prog,84.5,507,480,3,6,+,42.5,|,x,x,x,x,x,x,,,,,,,,
768x576p@50,Null,*576pz,576pz,1,0,0,Null,Null,Null,Null,0,Null,Null,944,768,22,68,-,prog,50,625,576,5,5,-,29.5,|,x,x,x,x,x,x,,,,,,,,
800x500@60,Null,*CVT0860A,CVT0860A,1,0,0,Null,Null,Null,Null,0,Null,Null,992,800,24,72,-,prog,59.5,521,500,3,6,+,30.75,|,x,x,x,x,x,x,,,,,,,,
800x600@50_CVT,Null,*CVT0850,CVT0850,1,0,0,Null,Null,Null,Null,0,Null,Null,992,800,24,72,-,prog,49.92,621,600,3,4,+,30.75,|,x,x,x,x,x,x,,,,,,,,
800x600@56_DMT,Null,DMT0856,DMT0856,1,0,0,08/07/90,8,Null,Null,0,Null,Null,1024,800,24,72,+,prog,56.25,625,600,1,2,+,36,|,x,x,x,x,x,x,,x,x,x,x,x,,
800x600@60_CVR,Null,*CVR0860,CVR0860,1,0,0,Null,Null,Null,Null,0,Null,Null,960,800,48,32,+,prog,59.84,618,600,3,4,-,35.5,|,x,x,x,x,x,x,,,,,,,,
800x600@60_CVT,Null,*CVT0860,CVT0860,1,0,0,Null,Null,Null,Null,0,Null,Null,1024,800,32,80,-,prog,59.86,624,600,3,4,+,38.25,|,x,x,x,x,x,x,,,,,,,,
800x600@60_DMT,Null,DMT0860,DMT0860,1,0,0,08/07/90,9,4540,Null,0,Null,Null,1056,800,40,128,+,prog,60.32,628,600,1,4,+,40,|,x,x,x,x,x,x,,x,x,x,x,x,x,x
800x600@72_DMT,Null,DMT0872,DMT0872,1,0,0,09/10/91,0A,454C,Null,0,Null,Null,1040,800,56,120,+,prog,72.19,666,600,37,6,+,49.9999,|,x,x,x,x,x,x,,x,x,x,x,x,x,x
800x600@75_CVT,Null,*CVT0875,CVT0875,1,0,0,Null,Null,Null,Null,0,Null,Null,1040,800,40,80,-,prog,74.91,629,600,3,4,+,49,|,x,x,x,x,x,x,,,,,,,,
800x600@75_DMT,Null,DMT0875,DMT0875,1,0,0,10/04/93,0B,454F,Null,0,Null,Null,1056,800,16,80,+,prog,75,625,600,1,3,+,49.5,|,x,x,x,x,x,x,,x,x,x,x,x,x,x
800x600@85_CVT,Null,*CVT0885,CVT0885,1,0,0,Null,Null,Null,Null,0,Null,Null,1056,800,48,80,-,prog,84.9,633,600,3,4,+,56.75,|,x,x,x,x,x,x,,,,,,,,
800x600@85_DMT,Null,DMT0885,DMT0885,1,0,0,03/01/96,0C,4559,Null,0,Null,Null,1048,800,32,64,+,prog,85.06,631,600,1,3,+,56.2499,|,x,x,x,x,x,x,,x,x,x,x,x,,
800x600@120_CVR,Null,*CVR0812,CVR0812,1,2,1,2005/1/7,0D,Null,Null,0,Null,Null,960,800,48,32,+,prog,119.97,636,600,3,4,-,73.2499,|,x,x,x,x,x,x,,,,,,,,
832x624@75_APP,Null,APP0875,APP0875,1,0,0,Null,Null,Null,Null,0,Null,Null,1120,832,32,96,-,prog,75.09,654,624,3,3,-,54.9999,|,x,x,x,x,x,x,,,,,,,,
848x480@50_CVT,Null,*CVT0850H,CVT0850H,1,0,0,Null,Null,Null,Null,0,Null,Null,1056,848,24,80,-,prog,49.54,497,480,3,5,+,26,|,x,x,x,x,x,x,,,,,,,,
848x480@60_CVR,Null,*CVR0860H,CVR0860H,1,0,0,Null,Null,Null,Null,0,Null,Null,1008,848,48,32,+,prog,59.75,494,480,3,5,-,29.75,|,x,x,x,x,x,x,,,,,,,,
848x480@60_CVT,Null,*CVT0860H,CVT0860H,1,0,0,Null,Null,Null,Null,0,Null,Null,1056,848,24,80,-,prog,59.66,500,480,3,5,+,31.5,|,x,x,x,x,x,x,,,,,,,,
848x480@60_DMT,Null,DMT0860H,DMT0860H,1,0,0,08/21/03,0E,Null,Null,0,Null,Null,1088,848,16,112,+,prog,60,517,480,6,8,+,33.7497,|,x,x,x,x,x,x,,x,x,x,x,x,,
848x480@75_CVT,Null,*CVT0875H,CVT0875H,1,0,0,Null,Null,Null,Null,0,Null,Null,1088,848,40,80,-,prog,74.77,504,480,3,5,+,33.7498,|,x,x,x,x,x,x,,x,x,x,x,x,,
848x480@85_CVT,Null,*CVT0885H,CVT0885H,1,0,0,Null,Null,Null,Null,0,Null,Null,1088,848,40,80,-,prog,84.75,507,480,3,5,+,46.75,|,x,x,x,x,x,x,,x,x,x,x,x,,
852x480@60,Null,852x480_60Hz,852x480,1,0,0,Null,Null,Null,Null,0,Null,Null,1072,852,16,96,-,prog,59.97,529,480,10,2,-,34.0102,|,x,x,x,x,x,x,,,,,,,,
960x576i@25,Null,*576iWH,576iWH,1,0,0,Null,Null,Null,Null,0,Null,Null,1152,960,16,84,-,int,100,312,576,2,3,-,18,|,x,x,x,x,x,x,,,,,,,,
960x576i@50,960x288,*576i50WH,576i50WH,1,0,0,Null,Null,Null,Null,0,Null,Null,1152,960,16,84,-,int,100,312,576,2,3,-,36,|,x,x,x,x,x,x,,,,,,,,
960x576p@50,Null,*576pWH,576pWH,1,0,0,Null,Null,Null,Null,0,Null,Null,1152,960,16,84,-,prog,50,625,576,5,5,-,36,|,x,x,x,x,x,x,,,,,,,,
960x600@50_CVT,Null,*CVT0950D,CVT0950D,1,0,0,Null,Null,Null,Null,0,Null,Null,1200,960,24,96,-,prog,49.65,621,600,3,6,+,37,|,x,x,x,x,x,x,,,,,,,,
960x600@60_CVR,Null,*CVR0960D,CVR0960D,1,0,0,Null,Null,Null,Null,0,Null,Null,1120,960,48,32,+,prog,59.96,618,600,3,6,-,41.5,|,x,x,x,x,x,x,,,,,,,,
960x600@60_CVT,Null,*CVT0960D,CVT0960D,1,0,0,Null,Null,Null,Null,0,Null,Null,1216,960,32,96,-,prog,59.64,624,600,3,6,+,45.25,|,x,x,x,x,x,x,,,,,,,,
960x600@75_CVT,Null,*CVT0975D,CVT0975D,1,0,0,Null,Null,Null,Null,0,Null,Null,1248,960,48,96,-,prog,74.84,629,600,3,6,+,58.75,|,x,x,x,x,x,x,,,,,,,,
960x600@85_CVT,Null,*CVT0985D,CVT0985D,1,0,0,Null,Null,Null,Null,0,Null,Null,1264,960,56,96,-,prog,84.68,633,600,3,6,+,67.75,|,x,x,x,x,x,x,,,,,,,,
1024x576@50_CVT,Null,*CVT1050_,CVT1050_,1,0,0,Null,Null,Null,Null,0,Null,Null,1280,1024,32,96,-,prog,49.81,596,576,3,5,+,38.0006,|,x,x,x,x,x,x,,,,,,,,
1024x576@60_CVR,Null,*CVR1060_,CVR1060_,1,0,0,Null,Null,Null,Null,0,Null,Null,1184,1024,48,32,+,prog,59.82,593,576,3,5,-,42,|,x,x,x,x,x,x,,,,,,,,
1024x576@60_CVT,Null,*CVT1060_,CVT1060_,1,0,0,Null,Null,Null,Null,0,Null,Null,1296,1024,40,96,-,prog,59.9,599,576,3,5,+,46.5005,|,x,x,x,x,x,x,,,,,,,,
1024x576@75_CVT,Null,*CVT1075_,CVT1075_,1,0,0,Null,Null,Null,Null,0,Null,Null,1328,1024,48,104,-,prog,74.8,604,576,3,5,+,60.0004,|,x,x,x,x,x,x,,,,,,,,
1024x576@85_CVT,Null,*CVT1085_,CVT1085_,1,0,0,Null,Null,Null,Null,0,Null,Null,1344,1024,56,104,-,prog,84.75,608,576,3,5,+,69.2496,|,x,x,x,x,x,x,,,,,,,,
1024x576@60,Null,1024x576_60Hz,1024x576,1,0,0,Null,Null,Null,Null,0,Null,Null,1320,1024,16,144,+,prog,60.06,596,576,2,4,+,47.2494,|,x,x,x,x,x,x,,,,,,,,
1024x640@50_CVT,Null,*CVT1050D,CVT1050D,1,0,0,Null,Null,Null,Null,0,Null,Null,1280,1024,32,96,-,prog,49.86,662,640,3,6,+,42.2502,|,x,x,x,x,x,x,,,,,,,,
1024x640@60_CVR,Null,*CVR1060D,CVR1060D,1,0,0,Null,Null,Null,Null,0,Null,Null,1184,1024,48,32,+,prog,59.92,659,640,3,6,-,46.7502,|,x,x,x,x,x,x,,,,,,,,
1024x640@60_CVT,Null,*CVT1060D,CVT1060D,1,0,0,Null,Null,Null,Null,0,Null,Null,1312,1024,40,104,-,prog,59.89,665,640,3,6,+,52.2504,|,x,x,x,x,x,x,,x,x,x,x,x,,
1024x640@75_CVT,Null,*CVT1075D,CVT1075D,1,0,0,Null,Null,Null,Null,0,Null,Null,1344,1024,56,104,-,prog,74.85,671,640,3,6,+,67.4997,|,x,x,x,x,x,x,,,,,,,,
1024x640@85_CVT,Null,*CVT1085D,CVT1085D,1,0,0,Null,Null,Null,Null,0,Null,Null,1360,1024,64,104,-,prog,84.7,675,640,3,6,+,77.7498,|,x,x,x,x,x,x,,,,,,,,
1024x768@43,Null,Null,Null,1,0,0,Null,0F,Null,Null,0,Null,Null,1264,1024,8,176,+,Null,43,817,768,4,20,+,44.9,|,,,,,,,,,,,,,,
1024x768@50_CVT,Null,*CVT1050,CVT1050,1,0,0,Null,Null,Null,Null,0,Null,Null,1312,1024,40,104,-,prog,49.98,793,768,3,4,+,52,|,x,x,x,x,x,x,,,,,,,,
1024x768@59_APP,Null,*APP1059,APP1059,1,0,0,Null,Null,Null,Null,0,Null,Null,1328,1024,80,80,-,prog,59.28,813,768,11,5,-,64,|,x,x,x,x,x,x,,,,,,,,
1024x768@60_CVR,Null,*CVR1060,CVR1060,1,0,0,Null,Null,Null,Null,0,Null,Null,1184,1024,48,32,+,prog,59.87,790,768,3,4,-,56,|,x,x,x,x,x,x,,,,,,,,
1024x768@60_CVT,Null,*CVT1060,CVT1060,1,0,0,Null,Null,Null,Null,0,Null,Null,1328,1024,48,104,-,prog,59.92,798,768,3,4,+,63.5,|,x,x,x,x,x,x,,,,,,,,
1024x768@60_DMT,Null,DMT1060,DMT1060,1,0,0,09/10/91,10,6140,Null,0,Null,Null,1344,1024,24,136,-,prog,60.01,806,768,3,6,-,65,|,x,x,x,x,x,x,,x,x,x,x,x,x,x
1024x768@60_HWP,Null,*HWP1060,HWP1060,1,0,0,Null,Null,Null,Null,0,Null,Null,1344,1024,64,128,-,prog,60,795,768,3,3,-,64.1088,|,x,x,x,x,x,x,,,,,,,,
1024x768@70_DMT,Null,DMT1070,DMT1070,1,0,0,08/09/91,11,614A,Null,0,Null,Null,1328,1024,24,136,-,prog,70.07,806,768,3,6,-,75,|,x,x,x,x,x,x,,x,x,x,x,x,x,x
1024x768@70_IBM,Null,*IBM1070,IBM1070,1,0,0,Null,Null,Null,Null,0,Null,Null,1368,1024,18,273,-,prog,70.01,804,768,0,8,+,77,|,x,x,x,x,x,x,,,,,,,,
1024x768@75_APP,Null,APP1075,APP1075,1,0,0,Null,Null,Null,Null,0,Null,Null,1328,1024,32,96,-,prog,74.93,804,768,3,3,-,80,|,x,x,x,x,x,x,,,,,,,,
1024x768@75_CVT,Null,*CVT1075,CVT1075,1,0,0,Null,Null,Null,Null,0,Null,Null,1360,1024,64,104,-,prog,74.9,805,768,3,4,+,82,|,x,x,x,x,x,x,,,,,,,,
1024x768@75_DMT,Null,DMT1075,DMT1075,1,0,0,10/04/93,12,614F,Null,0,Null,Null,1312,1024,16,96,+,prog,75.03,800,768,1,3,+,78.75,|,x,x,x,x,x,x,,x,x,x,x,x,x,x
1024x768@85_CVT,Null,*CVT1085,CVT1085,1,0,0,Null,Null,Null,Null,0,Null,Null,1376,1024,72,104,-,prog,84.89,809,768,3,4,+,94.5,|,x,x,x,x,x,x,,,,,,,,
1024x768@85_DMT,Null,DMT1085,DMT1085,1,0,0,03/01/96,13,6159,Null,0,Null,Null,1376,1024,48,96,+,prog,85,808,768,1,3,+,94.5,|,x,x,x,x,x,x,,x,x,x,x,x,,
1024x768@120_CVR,Null,*CVR1012,CVR1012,1,2,1,2005/1/7,14,Null,Null,0,Null,Null,1184,1024,48,32,+,prog,119.99,813,768,3,4,-,115.5004,|,x,x,x,x,x,x,,,,,,,,
1064x600@50_CVT,Null,*CVT1050H,CVT1050H,1,0,0,Null,Null,Null,Null,0,Null,Null,1320,1064,24,104,-,prog,49.71,621,600,3,5,+,40.75,|,x,x,x,x,x,x,,,,,,,,
1064x600@60_CVR,Null,*CVR1060H,CVR1060H,1,0,0,Null,Null,Null,Null,0,Null,Null,1224,1064,48,32,+,prog,59.82,618,600,3,5,-,45.25,|,x,x,x,x,x,x,,,,,,,,
1064x600@60_CVT,Null,*CVT1060H,CVT1060H,1,0,0,Null,Null,Null,Null,0,Null,Null,1352,1064,40,104,-,prog,59.86,624,600,3,5,+,50.5,|,x,x,x,x,x,x,,,,,,,,
1064x600@75_CVT,Null,*CVT1075H,CVT1075H,1,0,0,Null,Null,Null,Null,0,Null,Null,1384,1064,56,104,-,prog,74.95,629,600,3,5,+,65.25,|,x,x,x,x,x,x,,,,,,,,
1064x600@85_CVT,Null,*CVT1085H,CVT1085H,1,0,0,Null,Null,Null,Null,0,Null,Null,1400,1064,56,112,-,prog,84.91,633,600,3,5,+,75.25,|,x,x,x,x,x,x,,,,,,,,
1024x768i@43_DMT,1024x384,DMT1043,DMT1043,1,0,0,Null,Null,Null,Null,0,Null,Null,1264,1024,8,176,+,int,86.96,408,384,0,4,+,44.8998,|,x,x,x,x,x,x,,,,,,,,
1152x720@50_CVT,Null,*CVT1150D,CVT1150D,1,0,0,Null,Null,Null,Null,0,Null,Null,1472,1152,48,112,-,prog,49.76,744,720,3,6,+,54.5,|,x,x,x,x,x,x,,,,,,,,
1152x720@60_CVR,Null,*CVR1160D,CVR1160D,1,0,0,Null,Null,Null,Null,0,Null,Null,1312,1152,48,32,+,prog,59.92,741,720,3,6,-,58.25,|,x,x,x,x,x,x,,,,,,,,
1152x720@60_CVT,Null,*CVT1160D,CVT1160D,1,0,0,Null,Null,Null,Null,0,Null,Null,1488,1152,56,112,-,prog,59.97,748,720,3,6,+,66.75,|,x,x,x,x,x,x,,,,,,,,
1152x720@75_CVT,Null,*CVT1175D,CVT1175D,1,0,0,Null,Null,Null,Null,0,Null,Null,1520,1152,64,120,-,prog,74.72,755,720,3,6,+,85.75,|,x,x,x,x,x,x,,,,,,,,
1152x720@85_CVT,Null,*CVT1185D,CVT1185D,1,0,0,Null,Null,Null,Null,0,Null,Null,1536,1152,72,120,-,prog,84.92,759,720,3,6,+,99,|,x,x,x,x,x,x,,,,,,,,
1152x864@60_CVR,Null,*CVR1160,CVR1160,1,0,0,Null,Null,Null,Null,0,Null,Null,1312,1152,48,32,+,prog,59.8,889,864,3,4,-,69.7499,|,x,x,x,x,x,x,,,,,,,,
1152x864@60_CVT,Null,*CVT1160,CVT1160,1,0,0,Null,Null,Null,Null,0,Null,Null,1520,1152,64,120,-,prog,59.96,897,864,3,4,+,81.7502,|,x,x,x,x,x,x,,,,,,,,
1152x864@70_DMT,Null,*DMT1170,DMT1170,1,0,0,03/01/96,15,714F,Null,0,Null,Null,1480,1152,32,96,+,prog,70.01,912,864,1,3,+,94.5,|,x,x,x,x,x,x,,,,,,,,
1152x864@75_DMT,Null,DMT1175,DMT1175,1,0,0,Null,Null,Null,Null,0,Null,Null,1600,1152,64,128,+,prog,75,900,864,1,3,+,108,|,x,x,x,x,x,x,,x,x,x,x,x,,
1152x864@85_DMT,Null,*DMT1185,DMT1185,1,0,0,Null,Null,Null,Null,0,Null,Null,1576,1152,64,128,+,prog,85,907,864,1,3,+,121.5,|,x,x,x,x,x,x,,,,,,,,
1152x870@75_APP,Null,APP1175,APP1175,1,0,0,Null,Null,Null,Null,0,Null,Null,1456,1152,32,128,-,prog,75.06,915,870,3,3,-,100,|,x,x,x,x,x,x,,,,,,,,
1224x768@50_CVT,Null,*CVT1250D,CVT1250D,1,0,0,Null,Null,Null,Null,0,Null,Null,1576,1224,56,120,-,prog,49.81,793,768,3,6,+,62.25,|,x,x,x,x,x,x,,,,,,,,
1224x768@60_CVR,Null,*CVR1260D,CVR1260D,1,0,0,Null,Null,Null,Null,0,Null,Null,1384,1224,48,32,+,prog,59.91,790,768,3,6,-,65.5,|,x,x,x,x,x,x,,,,,,,,
1224x768@60_CVT,Null,*CVT1260D,CVT1260D,1,0,0,Null,Null,Null,Null,0,Null,Null,1592,1224,64,120,-,prog,59.82,798,768,3,6,+,76,|,x,x,x,x,x,x,,,,,,,,
1224x768@75_CVT,Null,*CVT1275D,CVT1275D,1,0,0,Null,Null,Null,Null,0,Null,Null,1624,1224,72,128,-,prog,74.77,805,768,3,6,+,97.75,|,x,x,x,x,x,x,,,,,,,,
1224x768@85_CVT,Null,*CVT1285D,CVT1285D,1,0,0,Null,Null,Null,Null,0,Null,Null,1640,1224,80,128,-,prog,84.79,809,768,3,6,+,112.5,|,x,x,x,x,x,x,,,,,,,,
1280x720@50_CVT,Null,*CVT1250H,CVT1250H,1,0,0,Null,Null,Null,Null,0,Null,Null,1632,1280,48,128,-,prog,49.83,744,720,3,5,+,59.4,|,x,x,x,x,x,x,,,,,,,,
1280x720@60_CVR,Null,*CVR1260H,CVR1260H,1,0,0,Null,Null,Null,Null,0,Null,Null,1440,1280,48,32,+,prog,59.98,741,720,3,5,-,64,|,x,x,x,x,x,x,,,,,,,,
1280x720@60_CVT,Null,*CVT1260H,CVT1260H,1,0,0,Null,Null,Null,Null,0,Null,Null,1664,1280,64,128,-,prog,59.86,748,720,3,5,+,74.5,|,x,x,x,x,x,x,,,,,,x,,
1280x720@75_CVT,Null,*CVT1275H,CVT1275H,1,0,0,Null,Null,Null,Null,0,Null,Null,1696,1280,80,128,-,prog,74.78,755,720,3,5,+,95.75,|,x,x,x,x,x,x,,,,,,,,
1280x720@85_CVT,Null,*CVT1285H,CVT1285H,1,0,0,Null,Null,Null,Null,0,Null,Null,1712,1280,80,136,-,prog,84.85,759,720,3,5,+,110.25,|,x,x,x,x,x,x,,,,,,,,
1280x720@60,Null,1280x720_60Hz,1280x720,1,0,0,Null,Null,Null,Null,0,Null,Null,1696,1280,48,176,+,prog,60.21,750,720,4,8,+,76.5914,|,x,x,x,x,x,x,,,,,,,,
1280x720@60_CVT_2,Null,CVT1260H,CVT1260H,1,0,0,Null,Null,Null,Null,0,Null,Null,1664,1280,64,128,-,prog,59.86,748,720,3,5,+,74.5,|,x,x,x,x,x,x,,x,x,x,x,,,
1280x720p@23_16:9,Null,720p23,Null,0,0,0,Null,Null,Null,Null,60,Null,16:09,3300,1280,1760,40,+,prog,23.98,750,720,5,5,+,59.3407,|,x,x,x,x,x,x,,,,,,,,
1280x720p@24_16:9,Null,720p24,VIC060b,0,0,0,Null,Null,Null,Null,60,Null,16:09,3300,1280,1760,40,+,prog,24,750,720,5,5,+,59.4,|,x,x,x,x,x,x,,,,,,,,
1280x720p@25_16:9,Null,720p25,VIC061,0,0,0,Null,Null,Null,Null,61,Null,16:09,3960,1280,2420,40,+,prog,25,750,720,5,5,+,74.25,|,x,x,x,x,x,x,,,,,,,,
1280x720p@29_16:9,Null,720p29,Null,0,0,0,Null,Null,Null,Null,62,Null,16:09,3300,1280,1760,40,+,prog,29.97,750,720,5,5,+,74.1758,|,x,x,x,x,x,x,,,,,,,,
1280x720p@30_16:9,Null,720p30,VIC062b,0,0,0,Null,Null,Null,Null,62,Null,16:09,3300,1280,1760,40,+,prog,30,750,720,5,5,+,74.25,|,x,x,x,x,x,x,,,,,,,,
1280x720p@50_16:9,Null,720p50,VIC019,1,0,0,Null,Null,Null,Null,19,Null,16:09,1980,1280,440,40,+,prog,50,750,720,5,5,+,74.25,|,x,x,x,x,x,x,,x,x,x,x,,x,x
1280x720p@59_16:9,Null,720p59,VIC004a,1,0,0,Null,Null,Null,Null,4,Null,16:09,1650,1280,110,40,+,prog,59.94,750,720,5,5,+,74.1758,|,x,x,x,x,x,x,,,,,,,,
1280x720p@60_16:9,Null,720p60,VIC004b,1,0,0,Null,Null,Null,Null,4,Null,16:09,1650,1280,110,40,+,prog,60,750,720,5,5,+,74.25,|,x,x,x,x,x,x,,x,x,x,x,x,x,x
1280x720p@100_16:9,Null,720p100,VIC041,1,0,0,Null,Null,Null,Null,41,Null,16:09,1980,1280,440,40,+,prog,100,750,720,5,5,+,148.25,|,x,x,x,x,x,x,,x,x,x,x,x,,
1280x720p@119_16:9,Null,720p119,VIC047a,1,0,0,Null,Null,Null,Null,47,Null,16:09,1650,1280,110,40,+,prog,119.89,750,720,5,5,+,148.3517,|,x,x,x,x,x,x,,,,,,,,
1280x720p@120_16:9,Null,720p120,VIC047b,1,0,0,Null,Null,Null,Null,47,Null,16:09,1650,1280,110,40,+,prog,120,750,720,5,5,+,148.5,|,x,x,x,x,x,x,,x,x,x,x,x,,
1280x720p@23_64:27,Null,720p23SB,Null,0,0,0,Null,Null,Null,Null,65,Null,Null,3300,1280,1760,40,+,prog,23.98,750,720,5,5,+,59.3407,|,x,x,x,x,x,x,,,,,,,,
1280x720p@24_64:27,Null,720p24SB,VIC065b,0,0,0,Null,Null,Null,Null,65,Null,Null,3300,1280,1760,40,+,prog,24,750,720,5,5,+,59.4,|,x,x,x,x,x,x,,,,,,,,
1280x720p@25_64:27,Null,720p25SB,VIC066,0,0,0,Null,Null,Null,Null,66,Null,Null,3960,1280,2420,40,+,prog,25,750,720,5,5,+,74.25,|,x,x,x,x,x,x,,,,,,,,
1280x720p@29_64:27,Null,720p29SB,Null,0,0,0,Null,Null,Null,Null,67,Null,Null,3300,1280,1760,40,+,prog,29.97,750,720,5,5,+,74.1758,|,x,x,x,x,x,x,,,,,,,,
1280x720p@30_64:27,Null,720p30SB,VIC067b,0,0,0,Null,Null,Null,Null,67,Null,Null,3300,1280,1760,40,+,prog,30,750,720,5,5,+,74.25,|,x,x,x,x,x,x,,,,,,,,
1280x720p@50_64:27,Null,720p50SB,VIC068,1,0,0,Null,Null,Null,Null,68,Null,Null,1980,1280,440,40,+,prog,50,750,720,5,5,+,74.25,|,x,x,x,x,x,x,,,,,,,,
1280x720p@59_64:27,Null,720p59SB,VIC069a,1,0,0,Null,Null,Null,Null,69,Null,Null,1650,1280,110,40,+,prog,59.94,750,720,5,5,+,74.1758,|,x,x,x,x,x,x,,,,,,,,
1280x720p@60_64:27,Null,720p60SB,VIC069b,1,0,0,Null,Null,Null,Null,69,Null,Null,1650,1280,110,40,+,prog,60,750,720,5,5,+,74.25,|,x,x,x,x,x,x,,,,,,,,
1280x720p@100_64:27,Null,720p100SB,VIC070,1,0,0,Null,Null,Null,Null,70,Null,Null,1980,1280,440,40,+,prog,100,750,720,5,5,+,148.25,|,x,x,x,x,x,x,,,,,,,,
1280x720p@119_64:27,Null,720p119SB,VIC071a,1,0,0,Null,Null,Null,Null,71,Null,Null,1650,1280,110,40,+,prog,119.89,750,720,5,5,+,148.3517,|,x,x,x,x,x,x,,,,,,,,
1280x720p@120_64:27,Null,720p120SB,VIC071b,1,0,0,Null,Null,Null,Null,71,Null,Null,1650,1280,110,40,+,prog,120,750,720,5,5,+,148.5,|,x,x,x,x,x,x,,,,,,,,
1280x768@50_CVT,Null,*CVT1250E,CVT1250E,1,0,0,Null,Null,Null,Null,0,Null,Null,1648,1280,56,128,-,prog,49.93,793,768,3,7,+,65.25,|,x,x,x,x,x,x,,,,,,,,
1280x768@60_CVR,Null,*CVR1260E,CVR1260E,1,1,1,08/21/03,16,Null,7F1C21,0,Null,Null,1440,1280,48,32,+,prog,60,790,768,3,7,-,68.25,|,x,x,x,x,x,x,,,,,,,,
#1280x768@59_CVT,Null,Null,Null,1,0,0,Null,Null,Null,Null,0,Null,Null,Null,1280,Null,Null,Null,Null,0,Null,768,Null,Null,Null,0,|,,,,,,,,,,,,,,
1280x768@60_CVT,Null,CVT1260E,CVT1260E,1,1,0,08/21/03,17,Null,7F1C28,0,Null,Null,1664,1280,64,128,-,prog,59.87,798,768,3,7,+,79.5,|,x,x,x,x,x,x,,x,x,x,x,x,x,x
#1280x768@60_DMT,Null,Null,Null,1,0,0,Null,Null,Null,Null,0,Null,Null,Null,1280,Null,Null,Null,Null,0,Null,768,Null,Null,Null,0,|,,,,,,,,,,,,,,
#1280x768@74_DMT,Null,Null,Null,1,0,0,Null,Null,Null,Null,0,Null,Null,Null,1280,Null,Null,Null,Null,0,Null,768,Null,Null,Null,0,|,,,,,,,,,,,,,,
1280x768@75_CVT,Null,CVT1275E,CVT1275E,1,1,0,08/21/03,18,Null,7F1C44,0,Null,Null,1696,1280,80,128,-,prog,74.89,805,768,3,7,+,102.25,|,x,x,x,x,x,x,,x,x,x,x,x,,
#1280x768@75_DMT,Null,Null,Null,1,0,0,Null,Null,Null,Null,0,Null,Null,Null,1280,Null,Null,Null,Null,0,Null,768,Null,Null,Null,0,|,,,,,,,,,,,,,,
#1280x768@84_DMT,Null,Null,Null,1,0,0,Null,Null,Null,Null,0,Null,Null,Null,1280,Null,Null,Null,Null,0,Null,768,Null,Null,Null,0,|,,,,,,,,,,,,,,
1280x768@85_CVT,Null,CVT1285E,CVT1285E,1,1,0,08/21/03,19,Null,7F1C62,0,Null,Null,1712,1280,80,136,-,prog,84.84,809,768,3,7,+,117.5,|,x,x,x,x,x,x,,x,x,x,x,x,,
#1280x768@85_DMT,Null,Null,Null,1,0,0,Null,Null,Null,Null,0,Null,Null,Null,1280,Null,Null,Null,Null,0,Null,768,Null,Null,Null,0,|,,,,,,,,,,,,,,
1280x768@120_CVR,Null,*CVR1212E,CVR1212E,1,2,1,2005/1/7,1A,Null,Null,0,Null,Null,1440,1280,48,32,+,prog,119.8,813,768,3,7,-,140.2502,|,x,x,x,x,x,x,,,,,,,,
1280x800@50_CVT,Null,*CVT1250_,CVT1250_,1,0,0,Null,Null,Null,Null,0,Null,Null,1648,1280,56,128,-,prog,49.96,826,800,3,6,+,67.9998,|,x,x,x,x,x,x,,,,,,,,
1280x800@60_CVT,Null,*CVT1260F,CVT1260F,1,0,0,Null,Null,Null,Null,0,Null,Null,1680,1280,72,128,-,prog,59.81,831,800,3,6,+,83.5,|,x,x,x,x,x,x,,x,x,x,x,x,x,x
1280x800@60_DMR,Null,*DMR1260D,DMR1260D,1,1,1,2005/1/7,1B,Null,8F1821,0,Null,Null,1440,1280,48,32,+,prog,59.91,823,800,3,6,-,71.0006,|,x,x,x,x,x,x,,,,,,,,
1280x800@60_DMT,Null,*DMT1260D,DMT1260D,1,1,0,2005/1/7,1C,8100,8F182b,0,Null,Null,1680,1280,72,128,-,prog,59.81,831,800,3,6,+,83.4994,|,x,x,x,x,x,x,,x,x,x,x,,,
1280x800@75_CVT,Null,*CVT1275_,CVT1275_,1,1,0,2005/1/7,1D,810F,8F1844,0,Null,Null,1696,1280,80,128,-,prog,74.93,838,800,3,6,+,106.5003,|,x,x,x,x,x,x,,,,,,,,
1280x800@85_CVT,Null,*CVT1285_,CVT1285_,1,1,0,2005/1/7,1E,8119,8F1862,0,Null,Null,1712,1280,80,136,-,prog,84.88,843,800,3,6,+,122.5004,|,x,x,x,x,x,x,,,,,,,,
1280x800@120_CVT,Null,*CVR1212D,CVR1212D,1,2,1,2005/1/7,1F,Null,Null,0,Null,Null,1440,1280,48,32,-,prog,119.91,847,800,3,6,+,146.2507,|,x,x,x,x,x,x,,,,,,,,
1280x960@50_CVT,Null,*CVT1250,CVT1250,1,0,0,Null,Null,Null,Null,0,Null,Null,1680,1280,72,128,-,prog,49.85,991,960,3,4,+,83,|,x,x,x,x,x,x,,,,,,,,
1280x960@60_CVR,Null,*CVR1260,CVR1260,1,0,0,Null,Null,Null,Null,0,Null,Null,1440,1280,48,32,+,prog,59.92,988,960,3,4,-,85.25,|,x,x,x,x,x,x,,,,,,,,
1280x960@60_CVT,Null,*CVT1260,CVT1260,1,0,0,Null,Null,Null,Null,0,Null,Null,1696,1280,80,128,-,prog,59.94,996,960,3,4,+,101.25,|,x,x,x,x,x,x,,,,,,,,
1280x960@60_DMT,Null,DMT1260,DMT1260,1,0,0,03/01/96,20,8140,Null,0,Null,Null,1800,1280,96,112,+,prog,60,1000,960,1,3,+,108,|,x,x,x,x,x,x,,x,x,x,x,x,,
1280x960@75_CVT,Null,*CVT1275,CVT1275,1,0,0,Null,Null,Null,Null,0,Null,Null,1728,1280,88,136,-,prog,74.86,1005,960,3,4,+,130,|,x,x,x,x,x,x,,,,,,,,
1280x960@75_DMT,Null,*DMT1275,DMT1275,1,0,0,Null,Null,Null,Null,0,Null,Null,1680,1280,32,144,+,prog,75,1000,960,1,3,+,126,|,x,x,x,x,x,x,,,,,,,,
1280x960@85_CVT,Null,*CVT1285,CVT1285,1,0,0,Null,Null,Null,Null,0,Null,Null,1728,1280,88,136,-,prog,84.86,1011,960,3,4,+,148.25,|,x,x,x,x,x,x,,,,,,,,
1280x960@85_DMT,Null,DMT1285,DMT1285A,1,0,0,03/01/96,21,8159,Null,0,Null,Null,1728,1280,64,160,+,prog,85.01,1011,960,1,3,+,148.5,|,x,x,x,x,x,x,,x,x,x,x,x,,
1280x960@120_CVR,Null,*CVR1212,CVR1212,1,2,1,2005/1/7,22,Null,Null,0,Null,Null,1440,1280,48,32,+,prog,119.84,1017,960,3,4,-,175.5,|,,x,x,,x,x,,,,,,,,
1280x1024@43_DMT,1280x512,*DMT1243G,DMT1243G,1,0,0,Null,Null,Null,Null,0,Null,Null,1696,1280,64,80,+,int,86.87,534,1024,1,3,+,78.75,|,x,x,x,x,x,x,,,,,,,,
1280x1024@50_CVT,Null,*CVT1250G,CVT1250G,1,0,0,Null,Null,Null,Null,0,Null,Null,1680,1280,72,128,-,prog,49.84,1057,1024,3,7,+,88.5,|,x,x,x,x,x,x,,,,,,,,
1280x1024@60_CVR,Null,*CVR1260G,CVR1260G,1,0,0,Null,Null,Null,Null,0,Null,Null,1440,1280,48,32,+,prog,59.96,1054,1024,3,7,-,91,|,x,x,x,x,x,x,,,,,,,,
1280x1024@60_CVT,Null,*CVT1260G,CVT1260G,1,0,0,Null,Null,Null,Null,0,Null,Null,1712,1280,80,136,-,prog,59.9,1063,1024,3,7,+,109,|,x,x,x,x,x,x,,,,,,,,
1280x1024@60_DMT,Null,DMT1260G,DMT1260G,1,0,0,12/18/96,23,8180,Null,0,Null,Null,1688,1280,48,112,+,prog,60.02,1066,1024,1,3,+,108,|,x,x,x,x,x,x,,x,x,x,x,x,x,x
1280x1024@75_CVT,Null,*CVT1275G,CVT1275G,1,0,0,Null,Null,Null,Null,0,Null,Null,1728,1280,88,136,-,prog,74.902,1072,1024,3,7,+,138.75,|,x,x,x,x,x,x,,,,,,,,
1280x1024@75_DMT,Null,DMT1275G,DMT1275G,1,0,0,10/04/93,24,818F,Null,0,Null,Null,1688,1280,16,144,+,prog,75.03,1066,1024,1,3,+,135,|,x,x,x,x,x,x,,x,x,x,x,x,,
1280x1024@85_CVT,Null,*CVT1285G,CVT1285G,1,0,0,Null,Null,Null,Null,0,Null,Null,1744,1280,96,136,-,prog,84.84,1078,1024,3,7,+,159.5,|,x,x,x,x,x,x,,,,,,,,
1280x1024@85_DMT,Null,DMT1285G,DMT1285G,1,0,0,03/01/96,25,8199,Null,0,Null,Null,1728,1280,64,160,+,prog,85.02,1072,1024,1,3,+,157.5,|,x,x,x,x,x,x,,x,x,x,x,x,,
1280x1024@96_DMT,Null,DMT1296G,DMT1296G,1,0,0,Null,Null,Null,Null,0,Null,Null,1760,1280,12,18,+,prog,96.01,1082,1024,1,3,+,182.8147,|,,x,x,,x,x,,,,,,,,
1280x1024@120_CVR,Null,*CVR1212G,CVR1212G,1,2,1,2005/1/7,26,Null,Null,0,Null,Null,1440,1280,48,32,+,prog,119.96,1084,1024,3,7,-,187.2504,|,,x,x,,x,x,,,,,,,,
#1360x764@60_CVT,Null,Null,Null,1,0,0,Null,Null,Null,Null,0,Null,Null,Null,1360,Null,Null,Null,Null,0,Null,764,Null,Null,Null,0,|,,,,,,,,,,,,,,
1360x768@50_CVT,Null,*CVT1350H,CVT1350H,1,0,0,Null,Null,Null,Null,0,Null,Null,1744,1360,56,136,-,prog,49.89,793,768,3,5,+,69,|,x,x,x,x,x,x,,,,,,,,
1360x768@60_CVR,Null,*CVR1360H,CVR1360H,1,0,0,Null,Null,Null,Null,0,Null,Null,1520,1360,48,32,+,prog,59.96,790,768,3,5,-,72,|,x,x,x,x,x,x,,,,,,,,
1360x768@60_CVT,Null,*CVT1360H,CVT1360H,1,0,0,Null,Null,Null,Null,0,Null,Null,1776,1360,72,136,-,prog,59.8,798,768,3,5,+,84.75,|,x,x,x,x,x,x,,,,,,,,
1360x768@60_DMT,Null,DMT1360H,DMT1360H,1,0,0,08/21/03,27,Null,Null,0,Null,Null,1792,1360,64,112,+,prog,60.02,795,768,3,6,+,85.4999,|,,x,x,,x,x,,x,x,x,x,x,x,x
1360x768@75_CVT,Null,*CVT1375H,CVT1375H,1,0,0,Null,Null,Null,Null,0,Null,Null,1808,1360,80,144,-,prog,74.89,805,768,3,5,+,109,|,x,x,x,x,x,x,,,,,,,,
1360x768@85_CVT,Null,*CVT1385H,CVT1385H,1,0,0,Null,Null,Null,Null,0,Null,Null,1824,1360,88,144,-,prog,84.88,809,768,3,5,+,125.25,|,x,x,x,x,x,x,,,,,,,,
1360x768@120_CVR,Null,*CVR1312H,CVR1312H,1,2,1,2005/1/7,28,Null,Null,0,Null,Null,1520,1360,48,32,+,prog,119.97,813,768,3,5,-,148.2502,|,x,x,x,x,x,x,,,,,,,,
1365x1024@60,Null,1365x1024_60Hz,1365A,1,0,0,Null,Null,Null,Null,0,Null,Null,1840,1365,55,120,+,prog,60,1087,1024,12,3,+,119.9993,|,x,x,x,x,x,x,,,,,,,,
1365x1024@75,Null,1365x1024_75Hz,1365B,1,0,0,Null,Null,Null,Null,0,Null,Null,1800,1365,32,136,+,prog,75.12,1065,1024,3,3,+,144,|,x,x,x,x,x,x,,,,,,,,
1366x768@60_DMR,Null,*DMR1360H,DMR1360H,1,2,0,Null,Null,Null,Null,0,Null,Null,1500,1366,14,56,+,prog,60,800,768,1,3,+,72,|,x,x,x,x,x,x,,,,,,,,
1366x768@60_DMT,Null,*DMT1360_,DMT1360_,1,0,0,Null,Null,Null,Null,0,Null,Null,1792,1366,70,143,+,prog,59.79,798,768,3,3,+,85.4999,|,x,x,x,x,x,x,,x,x,x,x,x,,
1400x788@60,Null,1400x788_60Hz,1400x788,1,0,0,Null,Null,Null,Null,0,Null,Null,1800,1400,40,112,-,prog,59.94,850,788,1,3,-,91.71,|,x,x,x,x,x,x,,,,,,,,
1400x1050@50_CVT,Null,*CVT1450,CVT1450,1,0,0,Null,Null,Null,Null,0,Null,Null,1848,1400,80,144,-,prog,49.97,1083,1050,3,4,+,100,|,x,x,x,x,x,x,,,,,,,,
1400x1050@50_CVR,Null,*CVR1450,CVR1450,1,1,1,08/21/03,29,Null,0C2021,0,Null,Null,1560,1400,48,32,+,prog,59.95,1080,1050,3,4,-,101,|,x,x,x,x,x,x,,,,,,,,
1400x1050@60_CVT,Null,*CVT1460,CVT1460,1,0,0,Null,Null,Null,Null,0,Null,Null,1864,1400,88,144,+,prog,59.98,1089,1050,3,4,-,100,|,x,x,x,x,x,x,,x,x,x,x,,,
1400x1050@60_DMT,Null,DMT1460,DMT1460,1,1,0,08/21/03,2A,9040,0C2028,0,Null,Null,1864,1400,88,144,-,prog,59.98,1089,1050,3,4,+,121.7546,|,x,x,x,x,x,x,,,,,,x,x,x
1400x1050@75_CVT,Null,*CVT1475,CVT1475,1,1,0,08/21/03,2B,904F,0C2044,0,Null,Null,1896,1400,104,144,-,prog,74.87,1099,1050,3,4,+,156,|,x,x,x,x,x,x,,x,x,x,x,x,,
#1400x1050@75_DMT,Null,Null,Null,1,0,0,Null,Null,Null,Null,0,Null,Null,Null,1400,Null,Null,Null,Null,0,Null,1050,Null,Null,Null,0,|,,,,,,,,,,,,,,
1400x1050@85_CVT,Null,*CVT1485,CVT1485,1,1,0,08/21/03,2C,9059,0C2062,0,Null,Null,1912,1400,104,152,-,prog,84.96,1105,1050,3,4,+,179.5,|,,x,x,,x,x,,,,,,,,
1400x1050@120_CVR,Null,*CVR1412,CVR1412,1,2,1,2005/1/7,2D,Null,Null,0,Null,Null,1560,1400,48,32,+,prog,119.9,1112,1050,3,4,-,207.9995,|,,x,x,,x,x,,,,,,,,
#1440x240p@59_4:3,Null,Null,VIC008a,1,0,0,Null,Null,Null,Null,8,Null,4:03,Null,Null,Null,Null,Null,prog,0,Null,Null,Null,Null,Null,0,|,x,x,x,x,x,x,,,,,,,,
#1440x240p@60_4:3,Null,Null,VIC008b,1,0,0,Null,Null,Null,Null,8,Null,4:03,1716,1440,38,124,-,prog,60.12,262,240,4,3,-,0,|,x,x,x,x,x,x,,,,,,,,
#1440x240p@59_16:9,Null,Null,VIC009a,1,0,0,Null,Null,Null,Null,9,Null,16:09,Null,Null,Null,Null,Null,prog,0,Null,Null,Null,Null,Null,0,|,x,x,x,x,x,x,,,,,,,,
#1440x240p@60_16:9,Null,Null,VIC009b,1,0,0,Null,Null,Null,Null,9,Null,16:09,1716,1440,38,124,-,prog,60.12,262,240,4,3,-,0,|,x,x,x,x,x,x,,,,,,,,
#1440x288p@50,Null,Null,VIC043,1,0,0,Null,Null,Null,Null,43,Null,Null,1728,1440,24,126,-,prog,50.08,312,288,2,3,-,0,|,x,x,x,x,x,x,,,,,,,,
#1440x288p@59_4:3,Null,Null,VIC023a,1,0,0,Null,Null,Null,Null,23,Null,4:03,Null,Null,Null,Null,Null,prog,0,Null,Null,Null,Null,Null,0,|,x,x,x,x,x,x,,,,,,,,
#1440x288p@60_4:3,Null,Null,VIC023b,1,0,0,Null,Null,Null,Null,23,Null,4:03,Null,Null,Null,Null,Null,prog,0,Null,Null,Null,Null,Null,0,|,x,x,x,x,x,x,,,,,,,,
#1440x288p@59_16:9,Null,Null,VIC024a,1,0,0,Null,Null,Null,Null,24,Null,16:09,Null,Null,Null,Null,Null,prog,0,Null,Null,Null,Null,Null,0,|,x,x,x,x,x,x,,,,,,,,
#1440x288p@60_16:9,Null,Null,VIC024b,1,0,0,Null,Null,Null,Null,24,Null,16:09,1728,1440,24,126,-,prog,50.08,312,288,2,3,-,0,|,x,x,x,x,x,x,,,,,,,,
1440x480p@59_4:3,Null,*480p2x59,VIC014a,1,0,0,Null,Null,Null,Null,14,Null,4:03,1716,1440,32,124,-,prog,59.94,525,480,9,6,-,59,|,x,x,x,x,x,x,,,,,,,,
1440x480p@60_4:3,Null,*480p2x60,VIC014b,1,0,0,Null,Null,Null,Null,14,Null,4:03,1716,1440,32,124,-,prog,60,525,480,9,6,-,54.054,|,x,x,x,x,x,x,,,,,,,,
1440x480p@59_16:9,Null,*480p2xS1,VIC015a,1,0,0,Null,Null,Null,Null,15,Null,16:09,1716,1440,32,124,-,prog,59.94,525,480,9,6,-,54,|,x,x,x,x,x,x,,,,,,,,
1440x480p@60_16:9,Null,*480p2xS2,VIC015b,1,0,0,Null,Null,Null,Null,15,Null,16:09,1716,1440,32,124,-,prog,60,525,480,9,6,-,54.054,|,x,x,x,x,x,x,,,,,,,,
1440x576p@50_4:3,Null,*576p2x50,VIC029,1,0,0,Null,Null,Null,Null,29,Null,4:03,1728,1440,24,128,-,prog,50,625,576,5,5,-,54,|,x,x,x,x,x,x,,,,,,,,
1440x576p@50_16:9,Null,*576p2xSH,VIC030,1,0,0,Null,Null,Null,Null,30,Null,16:09,1728,1440,24,128,-,prog,50,625,576,5,5,-,54,|,x,x,x,x,x,x,,,,,,,,
1440x900@60_CVR,Null,*CVR1460D,CVR1460D,1,1,1,10/24/04,2E,Null,C11821,0,Null,Null,1600,1440,48,32,+,prog,59.9,926,900,3,6,-,88.7504,|,x,x,x,x,x,x,,,,,,,,
1440x900@60_CVT,Null,*CVT1460D,CVT1460D,1,1,0,10/24/04,2F,9500,C11828,0,Null,Null,1904,1440,80,152,-,prog,59.89,934,900,3,6,+,106.5002,|,x,x,x,x,x,x,,x,x,x,x,x,x,x
#1440x900@60_DMT,Null,Null,Null,1,0,0,Null,Null,Null,Null,0,Null,Null,Null,1440,Null,Null,Null,Null,0,Null,900,Null,Null,Null,0,|,,,,,,,,,,,,,,
1440x900@75_CVT,Null,*CVT1475D,CVT1475D,1,1,0,10/24/04,30,950F,C11844,0,Null,Null,1936,1440,96,152,-,prog,74.98,942,900,3,6,+,136.7494,|,x,x,x,x,x,x,,x,x,x,x,x,,
#1440x900@75_DMT,Null,Null,Null,1,0,0,Null,Null,Null,Null,0,Null,Null,Null,1440,Null,Null,Null,Null,0,Null,900,Null,Null,Null,0,|,,,,,,,,,,,,,,
1440x900@85_CVT,Null,*CVT1485D,CVT1485D,1,1,0,10/24/04,31,9519,C11868,0,Null,Null,1952,1440,104,152,-,prog,84.85,948,900,3,6,+,156.9994,|,x,x,x,x,x,x,,x,x,x,x,x,,
#1440x900@85_DMT,Null,Null,Null,1,0,0,Null,Null,Null,Null,0,Null,Null,Null,1440,Null,Null,Null,Null,0,Null,900,Null,Null,Null,0,|,,,,,,,,,,,,,,
1440x900@120_CVR,Null,*CVR1412D,CVR1412D,1,2,1,2005/1/7,32,Null,Null,0,Null,Null,1600,1440,48,32,+,prog,119.85,953,900,3,6,-,182.7504,|,,x,x,,x,x,,,,,,,,
1440x960@72,Null,1440x960_72Hz,1440x960,1,0,0,Null,Null,Null,Null,0,Null,Null,1792,1440,40,152,-,prog,72,1000,960,1,3,-,0,|,x,x,x,x,x,x,,,,,,,,
1536x960@50_CVT,Null,*CVT1550D,CVT1550D,1,0,0,Null,Null,Null,Null,0,Null,Null,2016,1536,80,160,-,prog,49.93,991,960,3,6,+,99.75,|,x,x,x,x,x,x,,,,,,,,
1536x960@60_CVR,Null,*CVR1560D,CVR1560D,1,0,0,Null,Null,Null,Null,0,Null,Null,1696,1536,48,32,+,prog,59.98,988,960,3,6,-,100.5,|,x,x,x,x,x,x,,,,,,,,
1536x960@60_CVT,Null,*CVT1560D,CVT1560D,1,0,0,Null,Null,Null,Null,0,Null,Null,2032,1536,88,160,-,prog,59.91,996,960,3,6,+,121.25,|,x,x,x,x,x,x,,,,,,,,
1536x960@75_CVT,Null,*CVT1575D,CVT1575D,1,0,0,Null,Null,Null,Null,0,Null,Null,2064,1536,104,160,-,prog,74.84,1005,960,3,6,+,155.25,|,x,x,x,x,x,x,,,,,,,,
1536x960@85_CVT,Null,*CVT1585D,CVT1585D,1,0,0,Null,Null,Null,Null,0,Null,Null,2080,1536,112,160,-,prog,84.88,1011,960,3,6,+,178.5,|,,x,x,,x,x,,,,,,,,
1600x900@60_DMR,Null,*DMR1660H,DMR1660H,1,0,0,Null,Null,Null,Null,0,Null,Null,1800,1600,24,80,+,prog,60,1000,900,1,3,+,108,|,x,x,x,x,x,x,,,,,,,,
1600x1000@50_CVT,Null,*CVT1650_,CVT1650_,1,0,0,Null,Null,Null,Null,0,Null,Null,2096,1600,88,160,-,prog,49.929,1032,1000,3,6,+,108.0006,|,x,x,x,x,x,x,,,,,,,,
1600x1000@60_CVR,Null,*CVR1660_,CVR1660_,1,0,0,Null,Null,Null,Null,0,Null,Null,1760,1600,48,32,+,prog,59.911,1029,1000,3,6,-,108.5005,|,x,x,x,x,x,x,,,,,,,,
1600x1000@60_CVT,Null,*CVT1660_,CVT1660_,1,0,0,Null,Null,Null,Null,0,Null,Null,2128,1600,96,168,-,prog,59.873,1038,1000,3,6,+,132.2509,|,x,x,x,x,x,x,,,,,,,,
1600x1000@75_CVT,Null,*CVT1675_,CVT1675_,1,0,0,Null,Null,Null,Null,0,Null,Null,2160,1600,112,168,-,prog,74.839,1047,1000,3,6,+,169.249,|,,x,x,,x,x,,,,,,,,
1600x1000@85_CVT,Null,*CVT1685_,CVT1685_,1,0,0,Null,Null,Null,Null,0,Null,Null,2176,1600,120,168,-,prog,84.885,1053,1000,3,6,+,194.4996,|,,x,x,,x,x,,,,,,,,
1600x1024@60,Null,1600x1024_60Hz,1600x102,1,0,0,Null,Null,Null,Null,0,Null,Null,2144,1600,110,168,-,prog,60,1060,1024,1,3,-,135,|,x,x,x,x,x,x,,,,,,,,
1600x1200@48_DMT,1600x600,*DMT1648,DMT1648,1,0,0,Null,Null,Null,Null,0,Null,Null,2160,1600,48,192,+,int,48.04,1301,1200,1,3,+,135,|,x,x,x,x,x,x,,,,,,,,
1600x1200@50_CVT,Null,CVT1650,CVT1650,1,0,0,Null,Null,Null,Null,0,Null,Null,2128,1600,96,168,-,prog,49.92,1238,1200,3,4,+,131.5,|,x,x,x,x,x,x,,,,,,,,
1600x1200@60_CVR,Null,*CVR1660,CVR1660,1,0,0,Null,Null,Null,Null,0,Null,Null,1760,1600,48,32,+,prog,59.92,1235,1200,3,4,-,130.25,|,x,x,x,x,x,x,,,,,,,,
1600x1200@60_CVT,Null,*CVT1660,CVT1660,1,0,0,Null,Null,Null,Null,0,Null,Null,2160,1600,112,168,-,prog,59.87,1245,1200,3,4,+,161,|,,x,x,,x,x,,,,,,,,
1600x1200@60_DMT,Null,DMT1660,DMT1660,1,0,0,12/18/96,33,A940,Null,0,Null,Null,2160,1600,64,192,+,prog,60,1250,1200,1,3,+,162,|,,x,x,,x,x,,x,x,x,x,x,x,x
1600x1200@65_DMT,Null,DMT1665,DMT1665,1,0,0,12/18/96,34,A945,Null,0,Null,Null,2160,1600,64,192,+,prog,65,1250,1200,1,3,+,175.5,|,,x,x,,x,x,,,,,,,,
1600x1200@70_DMT,Null,DMT1670,DMT1670,1,0,0,12/18/96,35,A94A,Null,0,Null,Null,2160,1600,64,192,+,prog,70,1250,1200,1,3,+,189,|,,x,x,,x,x,,,,,,,,
1600x1200@75_CVT,Null,*CVT1675,CVT1675,1,0,0,Null,Null,Null,Null,0,Null,Null,2176,1600,120,168,-,prog,74.98,1255,1200,3,4,+,204.75,|,,x,x,,x,x,,,,,,,,
1600x1200@75_DMT,Null,DMT1675,DMT1675,1,0,0,12/18/96,36,A94F,Null,0,Null,Null,2160,1600,64,192,+,prog,75,1250,1200,1,3,+,202.5,|,,x,x,,x,x,,,,,,,,
1600x1200@80_DMT,Null,*DMT1680,DMT1680,1,0,0,Null,Null,Null,Null,0,Null,Null,2160,1600,64,192,+,prog,80,1250,1200,1,3,+,216,|,,x,x,,x,x,,,,,,,,
1600x1200@85_CVT,Null,*CVT1685,CVT1685,1,0,0,Null,Null,Null,Null,0,Null,Null,2192,1600,128,168,-,prog,84.95,1262,1200,3,4,+,235,|,,x,x,,x,x,,,,,,,,
1600x1200@85_DMT,Null,DMT1685,DMT1685,1,0,0,12/18/96,37,A959,Null,0,Null,Null,2160,1600,64,192,+,prog,85,1250,1200,1,3,+,229.5,|,,x,x,,x,x,,,,,,,,
1600x1200@120_CVR,Null,*CVR1612,CVR1612,1,2,1,2005/1/7,38,Null,Null,0,Null,Null,1760,1600,48,32,+,prog,119.92,1271,1200,3,4,-,268.2504,|,,x,x,,x,x,,,,,,,,
1680x720p@23,Null,720p23B,Null,0,0,0,Null,Null,Null,Null,79,Null,Null,3300,1680,1360,40,+,prog,23.98,750,720,5,5,+,59.3407,|,x,x,x,x,x,x,,,,,,,,
1680x720p@24,Null,720p24B,VIC079b,0,0,0,Null,Null,Null,Null,79,Null,Null,3300,1680,1360,40,+,prog,24,750,720,5,5,+,59.4,|,x,x,x,x,x,x,,,,,,,,
1680x720p@25,Null,720p25B,VIC080,0,0,0,Null,Null,Null,Null,80,Null,Null,3168,1680,1228,40,+,prog,25,750,720,5,5,+,59.4,|,x,x,x,x,x,x,,,,,,,,
1680x720p@29,Null,720p29B,VIC081a,1,0,0,Null,Null,Null,Null,81,Null,Null,2640,1680,700,40,+,prog,29.97,750,720,5,5,+,59.3407,|,x,x,x,x,x,x,,,,,,,,
1680x720p@30,Null,720p30B,VIC081b,1,0,0,Null,Null,Null,Null,81,Null,Null,2640,1680,700,40,+,prog,30,750,720,5,5,+,59.4,|,x,x,x,x,x,x,,,,,,,,
1680x720p@50,Null,720p50B,VIC082,1,0,0,Null,Null,Null,Null,82,Null,Null,2200,1680,260,40,+,prog,50,750,720,5,5,+,82.5,|,x,x,x,x,x,x,,,,,,,,
1680x720p@59,Null,720p59B,VIC083a,1,0,0,Null,Null,Null,Null,83,Null,Null,2200,1680,260,40,+,prog,59.94,750,720,5,5,+,98.9011,|,x,x,x,x,x,x,,,,,,,,
1680x720p@60,Null,720p60B,VIC083b,1,0,0,Null,Null,Null,Null,83,Null,Null,2200,1680,260,40,+,prog,60,750,720,5,5,+,99,|,x,x,x,x,x,x,,,,,,,,
1680x720p@100,Null,720p100B,VIC084,1,0,0,Null,Null,Null,Null,84,Null,Null,2000,1680,60,40,+,prog,100,825,720,5,5,+,165,|,,x,x,,x,x,,,,,,,,
1680x720p@119,Null,720p119B,VIC085a,1,0,0,Null,Null,Null,Null,85,Null,Null,2000,1680,60,40,+,prog,119.88,825,720,5,5,+,197.8022,|,,x,x,,x,x,,,,,,,,
1680x720p@120,Null,720p120B,VIC085b,1,0,0,Null,Null,Null,Null,85,Null,Null,2000,1680,60,40,+,prog,120,825,720,5,5,+,198,|,,x,x,,x,x,,,,,,,,
1680x1050@50_CVT,Null,*CVT1650D,CVT1650D,1,0,0,Null,Null,Null,Null,0,Null,Null,2208,1680,88,176,-,prog,49.97,1083,1050,3,6,+,119.5,|,x,x,x,x,x,x,,,,,,,,
1680x1050@60_CVR,Null,*CVR1660D,CVR1660D,1,1,1,10/24/04,39,Null,0C2821,0,Null,Null,1840,1680,48,32,+,prog,59.88,1080,1050,3,6,-,119,|,x,x,x,x,x,x,,,,,,,,
1680x1050@60_CVT,Null,CVT1660D,CVT1660D,1,1,0,10/24/04,3A,B300,0C2828,0,Null,Null,2240,1680,104,176,-,prog,59.95,1089,1050,3,6,+,146.25,|,x,x,x,x,x,x,,x,x,x,x,x,x,x
1680x1050@75_CVT,Null,*CVT1675D,CVT1675D,1,1,0,10/24/04,3B,B30F,0C2844,0,Null,Null,2272,1680,120,176,-,prog,74.89,1099,1050,3,6,+,187,|,,x,x,,x,x,,,,,,,,
1680x1050@85_CVT,Null,*CVT1685D,CVT1685D,1,1,0,10/24/04,3C,B319,0C2868,0,Null,Null,2288,1680,128,176,-,prog,84.94,1105,1050,3,6,+,214.75,|,,x,x,,x,x,,,,,,,,
1680x1050@120_CVR,Null,*CVR1612D,CVR1612D,1,2,1,2005/1/7,3D,Null,Null,0,Null,Null,1840,1680,48,32,+,prog,119.99,1112,1050,3,6,-,245.5002,|,,x,x,,x,x,,,,,,,,
1704x960@50_CVT,Null,*CVT1750H,CVT1750H,1,0,0,Null,Null,Null,Null,0,Null,Null,2232,1704,88,176,-,prog,49.96,991,960,3,5,+,110.5,|,x,x,x,x,x,x,,,,,,,,
1704x960@60_CVR,Null,*CVR1760H,CVR1760H,1,0,0,Null,Null,Null,Null,0,Null,Null,1864,1704,48,32,+,prog,59.87,988,960,3,5,-,110.25,|,x,x,x,x,x,x,,,,,,,,
1704x960@60_CVT,Null,*CVT1760H,CVT1760H,1,0,0,Null,Null,Null,Null,0,Null,Null,2264,1704,104,176,-,prog,59.98,996,960,3,5,+,135.25,|,x,x,x,x,x,x,,,,,,,,
1704x960@75_CVT,Null,*CVT1775H,CVT1775H,1,0,0,Null,Null,Null,Null,0,Null,Null,2296,1704,120,176,-,prog,74.87,1005,960,3,5,+,172.75,|,,x,x,,x,x,,,,,,,,
1704x960@85_CVT,Null,*CVT1785H,CVT1785H,1,0,0,Null,Null,Null,Null,0,Null,Null,2312,1704,120,184,-,prog,84.92,1011,960,3,5,+,198.5,|,,x,x,,x,x,,,,,,,,
1728x1080@50_CVT,Null,*CVT1750D,CVT1750D,1,0,0,Null,Null,Null,Null,0,Null,Null,2288,1728,104,176,-,prog,49.93,1114,1080,3,6,+,127.25,|,x,x,x,x,x,x,,,,,,,,
1728x1080@60_CVR,Null,*CVR1760D,CVR1760D,1,0,0,Null,Null,Null,Null,0,Null,Null,1888,1728,48,32,+,prog,59.95,1111,1080,3,6,-,125.75,|,x,x,x,x,x,x,,,,,,,,
1728x1080@60_CVT,Null,*CVT1760D,CVT1760D,1,0,0,Null,Null,Null,Null,0,Null,Null,2320,1728,112,184,-,prog,59.94,1120,1080,3,6,+,155.75,|,x,x,x,x,x,x,,,,,,,,
1728x1080@75_CVT,Null,*CVT1775D,CVT1775D,1,0,0,Null,Null,Null,Null,0,Null,Null,2336,1728,120,184,-,prog,74.91,1130,1080,3,6,+,197.75,|,,x,x,,x,x,,,,,,,,
1728x1080@85_CVT,Null,*CVT1785D,CVT1785D,1,0,0,Null,Null,Null,Null,0,Null,Null,2352,1728,128,184,-,prog,84.88,1137,1080,3,6,+,227,|,,x,x,,x,x,,,,,,,,
1792x1344@60_DMT,Null,DMT1760,DMT1760,1,0,0,09/17/98,3E,C140,Null,0,Null,Null,2448,1792,128,200,-,prog,60,1394,1344,1,3,+,204.75,|,,x,x,,x,x,,,,,,,,
1792x1344@75_DMT,Null,DMT1775,DMT1775,1,0,0,09/17/98,3F,C14F,Null,0,Null,Null,2456,1792,96,216,-,prog,75,1417,1344,1,3,+,261,|,,x,x,,x,x,,,,,,,,
1792x1344@120_DMT,Null,Null,Null,1,2,1,2005/1/7,40,Null,Null,0,Null,Null,1952,1792,48,32,+,prog,119.97,1423,1344,3,4,-,333.25,|,,,,,,,,,,,,,,
1800x1350@50_CVT,Null,*CVT1850,CVT1850,1,0,0,Null,Null,Null,Null,0,Null,Null,2408,1800,112,192,-,prog,49.97,1392,1350,3,4,+,167.5005,|,,x,x,,x,x,,,,,,,,
1800x1350@60_CVR,Null,*CVR1860,CVR1860,1,0,0,Null,Null,Null,Null,0,Null,Null,1960,1800,48,32,+,prog,59.97,1389,1350,3,4,-,163.2504,|,,x,x,,x,x,,,,,,,,
1800x1350@60_CVT,Null,*CVT1860,CVT1860,1,0,0,Null,Null,Null,Null,0,Null,Null,2440,1800,128,192,-,prog,59.94,1400,1350,3,4,+,204.7502,|,,x,x,,x,x,,,,,,,,
1800x1350@75_CVT,Null,*CVT1875,CVT1875,1,0,0,Null,Null,Null,Null,0,Null,Null,2456,1800,136,192,-,prog,74.9,1412,1350,3,4,+,259.749,|,,x,x,,x,x,,,,,,,,
1800x1350@85_CVT,Null,*CVT1885,CVT1885,1,0,0,Null,Null,Null,Null,0,Null,Null,2472,1800,144,192,-,prog,84.89,1420,1350,3,4,+,297.9996,|,,x,x,,x,x,,,,,,,,
1856x1392@60_DMT,Null,DMT1860,DMT1860,1,0,0,09/17/98,41,C940,Null,0,Null,Null,2528,1856,96,224,-,prog,60,1439,1392,1,3,+,218.25,|,,x,x,,x,x,,,,,,,,
1856x1392@75_DMT,Null,DMT1875,DMT1875,1,0,0,09/17/98,42,C94F,Null,0,Null,Null,2560,1856,128,224,-,prog,75,1500,1392,1,3,+,288,|,,x,x,,x,x,,,,,,,,
1856x1392@120_DMT,Null,Null,Null,1,2,1,2005/1/7,43,Null,Null,0,Null,Null,2016,1856,48,32,+,prog,75,1474,1392,3,4,-,356.5,|,,,,,x,x,,,,,,,,
1920x1035i@29,1920x517,1035i29,1035i29,1,0,0,Null,Null,Null,Null,0,Null,Null,2200,1920,88,44,+,int,59.94,562,517,5,5,+,74.1758,|,x,x,x,x,x,x,,,,,,,,
1920x1035i@30,1920x517,1035i30,1035i30,1,0,0,Null,Null,Null,Null,0,Null,Null,2200,1920,88,44,+,int,60,562,517,5,5,+,74.25,|,x,x,x,x,x,x,,,,,,,,
1920x1080@50_CVT,Null,*CVT1950H,CVT1950H,1,0,0,Null,Null,Null,Null,0,Null,Null,2544,1920,112,200,-,prog,49.93,1114,1080,3,5,+,141.5,|,x,x,x,x,x,x,,,,,,,,
1920x1080@60_CVR,Null,CVR1960H,CVR1960H,1,0,0,Null,Null,Null,Null,0,Null,Null,2080,1920,48,32,+,prog,59.93,1111,1080,3,5,-,138.5,|,x,x,x,x,x,x,,,,,,,x,x
1920x1080@60_CVT,Null,*CVT1960H,CVT1960H,1,0,0,Null,Null,Null,Null,0,Null,Null,2576,1920,128,200,-,prog,59.96,1120,1080,3,5,+,173,|,,x,x,,x,x,,x,x,x,x,x,,
1920x1080i@25_20,1920x540,1080i25,VIC020,1,0,0,Null,Null,Null,Null,20,Null,16:09,2640,1920,528,44,+,int,50,562,1080,2,5,+,74.25,|,x,x,x,x,x,x,,,,,,,,
1920x1080i@25_39,1920x540,*108Oi25_,VIC039,1,0,0,Null,Null,Null,Null,39,Null,16:09,2304,1920,32,168,+,int,49.95,625,1080,23,5,-,72,|,x,x,x,x,x,x,,,,,,,,
1920x1080i@29,1920x540,1080i29,VIC005a,1,0,0,Null,Null,Null,Null,5,Null,16:09,2200,1920,88,44,+,int,59.93,562,540,2,5,+,74.1758,|,x,x,x,x,x,x,,,,,,,,
1920x1080i@30,1920x540,1080i30,VIC005b,1,0,0,Null,Null,Null,Null,5,Null,16:09,2200,1920,88,44,+,int,60,562,540,2,5,+,74.25,|,x,x,x,x,x,x,,,,,,,,
1920x1080i@50,1920x540,1080i50,VIC040,1,0,0,Null,Null,Null,Null,40,Null,16:09,2640,1920,528,44,+,int,100,562,540,2,5,+,148.5,|,x,x,x,x,x,x,,x,x,x,x,x,,
1920x1080i@59,1920x540,1080i59,VIC046a,1,0,0,Null,Null,Null,Null,46,Null,16:09,2200,1920,88,44,+,int,119.88,562,540,2,5,+,148.3517,|,x,x,x,x,x,x,,,,,,,,
1920x1080i@60,1920x540,1080i60,VIC046b,1,0,0,Null,Null,Null,Null,46,Null,16:09,2200,1920,88,44,+,int,120,562,540,2,5,+,148.5,|,x,x,x,x,x,x,,x,x,x,x,x,,
1920x1080p@23_16:9,Null,1080p23,VIC032a,1,0,0,Null,Null,Null,Null,32,Null,16:09,2750,1920,638,44,+,prog,23.98,1125,1080,4,5,+,74.1758,|,x,x,x,x,x,x,,,,,,,,
1920x1080p@24_16:9,Null,1080p24,VIC032b,1,0,0,Null,Null,Null,Null,32,Null,16:09,2750,1920,638,44,+,prog,24,1125,1080,4,5,+,74.25,|,x,x,x,x,x,x,,,,,,,,
1920x1080p@25_16:9,Null,1080p25,VIC033,1,0,0,Null,Null,Null,Null,33,Null,16:09,2640,1920,528,44,+,prog,25,1125,1080,4,5,+,74.25,|,x,x,x,x,x,x,,x,x,x,x,x,,
1920x1080p@29_16:9,Null,1080p29,VIC034a,1,0,0,Null,Null,Null,Null,34,Null,16:09,2200,1920,88,44,+,prog,29.97,1125,1080,4,5,+,74.1758,|,x,x,x,x,x,x,,,,,,,,
1920x1080p@30_16:9,Null,1080p30,VIC034b,1,0,0,Null,Null,Null,Null,34,Null,16:09,2200,1920,88,44,+,prog,30,1125,1080,4,5,+,74.25,|,x,x,x,x,x,x,,x,x,x,x,x,,
1920x1080p@50_16:9,Null,1080p50,VIC031,1,0,0,Null,Null,Null,Null,31,Null,16:09,2640,1920,528,44,+,prog,50,1125,1080,4,5,+,148.5,|,x,x,x,x,x,x,,x,x,x,x,x,x,x
1920x1080p@59_16:9,Null,1080p59,VIC016a,1,0,0,Null,Null,Null,Null,16,Null,16:09,2200,1920,88,44,+,prog,59.94,1125,1080,4,5,+,148.3517,|,x,x,x,x,x,x,,,,,,,,
1920x1080p@60_16:9,Null,1080p60,VIC016b,1,0,0,Null,Null,Null,Null,16,Null,16:09,2200,1920,88,44,+,prog,60,1125,1080,4,5,+,148.5,|,x,x,x,x,x,x,,x,x,x,x,x,x,x
1920x1080p@100_16:9,Null,1080p100,VIC064,1,0,0,Null,Null,Null,Null,64,Null,16:09,2640,1920,528,44,+,prog,100,1125,1080,4,5,+,297,|,,x,x,,x,x,,,,,,,,
1920x1080p@119_16:9,Null,1080p119,VIC063a,1,0,0,Null,Null,Null,Null,63,Null,16:09,2200,1920,88,44,+,prog,119.88,1125,1080,4,5,+,296.7033,|,,x,x,,x,x,,,,,,,,
1920x1080p@120_16:9,Null,1080p120,VIC063b,1,0,0,Null,Null,Null,Null,63,Null,16:09,2200,1920,88,44,+,prog,120,1125,1080,4,5,+,297,|,,x,x,,x,x,,,,,,,,
1920x1080p@23_64:27,Null,1080p23SB,VIC072a,1,0,0,Null,Null,Null,Null,72,Null,Null,2750,1920,638,44,+,prog,23.98,1125,1080,4,5,+,74.1758,|,x,x,x,x,x,x,,,,,,,,
1920x1080p@24_64:27,Null,1080p24SB,VIC072b,1,0,0,Null,Null,Null,Null,72,Null,Null,2750,1920,638,44,+,prog,24,1125,1080,4,5,+,74.25,|,x,x,x,x,x,x,,,,,,,,
1920x1080p@25_64:27,Null,1080p25SB,VIC073,1,0,0,Null,Null,Null,Null,73,Null,Null,2640,1920,528,44,+,prog,25,1125,1080,4,5,+,74.25,|,x,x,x,x,x,x,,,,,,,,
1920x1080p@29_64:27,Null,1080p29SB,VIC074a,1,0,0,Null,Null,Null,Null,74,Null,Null,2200,1920,88,44,+,prog,29.97,1125,1080,4,5,+,74.1758,|,x,x,x,x,x,x,,,,,,,,
1920x1080p@30_64:27,Null,1080p30SB,VIC074b,1,0,0,Null,Null,Null,Null,74,Null,Null,2200,1920,88,44,+,prog,30,1125,1080,4,5,+,74.25,|,x,x,x,x,x,x,,,,,,,,
1920x1080p@50_64:27,Null,1080p50SB,VIC075,1,0,0,Null,Null,Null,Null,75,Null,Null,2640,1920,528,44,+,prog,50,1125,1080,4,5,+,148.5,|,x,x,x,x,x,x,,,,,,,,
1920x1080p@59_64:27,Null,1080p59SB,VIC076a,1,0,0,Null,Null,Null,Null,76,Null,Null,2200,1920,88,44,+,prog,59.94,1125,1080,4,5,+,148.3517,|,x,x,x,x,x,x,,,,,,,,
1920x1080p@60_64:27,Null,1080p60SB,VIC076b,1,0,0,Null,Null,Null,Null,76,Null,Null,2200,1920,88,44,+,prog,60,1125,1080,4,5,+,148.5,|,x,x,x,x,x,x,,,,,,,,
1920x1080p@100_64:27,Null,1080p100SB,VIC077,1,0,0,Null,Null,Null,Null,77,Null,Null,2640,1920,528,44,+,prog,100,1125,1080,4,5,+,297,|,,x,x,,x,x,,,,,,,,
1920x1080p@119_64:27,Null,1080p119SB,VIC078a,1,0,0,Null,Null,Null,Null,78,Null,Null,2200,1920,88,44,+,prog,119.88,1125,1080,4,5,+,296.7033,|,,x,x,,x,x,,,,,,,,
1920x1080p@120_64:27,Null,1080p120SB,VIC078b,1,0,0,Null,Null,Null,Null,78,Null,Null,2200,1920,88,44,+,prog,120,1125,1080,4,5,+,297,|,,x,x,,x,x,,,,,,,,
1920x1080s@23,Null,1080s23,Null,1,0,0,Null,Null,Null,Null,0,Null,Null,2200,1920,88,44,+,prog,23.98,1125,1080,4,5,+,74.1758,|,,,,,,,x,,,,,,,
1920x1080s@24,Null,1080s24,Null,1,0,0,Null,Null,Null,Null,0,Null,Null,2200,1920,88,44,+,prog,24,1125,1080,4,5,+,74.25,|,,,,,,,x,,,,,,,
1920x1080s@25,Null,1080s25,Null,1,0,0,Null,Null,Null,Null,0,Null,Null,2200,1920,88,44,+,prog,25,1125,1080,4,5,+,0,|,,,,,,,x,,,,,,,
1920x1080s@29,Null,1080s29,Null,1,0,0,Null,Null,Null,Null,0,Null,Null,2200,1920,88,44,+,prog,29.97,1125,1080,4,5,+,0,|,,,,,,,x,,,,,,,
1920x1080s@30,Null,1080s30,Null,1,0,0,Null,Null,Null,Null,0,Null,Null,2200,1920,88,44,+,prog,30,1125,1080,4,5,+,0,|,,,,,,,x,,,,,,,
1920x1200@50_CVR,Null,CVR1950D,CVR1950D,1,0,0,Null,Null,Null,Null,0,Null,Null,2080,1920,48,32,+,prog,49.98,1229,1200,3,6,-,127.75,|,x,x,x,x,x,x,,,,,,,,
1920x1200@50_CVT,Null,*CVT1950D,CVT1950D,1,0,0,Null,Null,Null,Null,0,Null,Null,2560,1920,120,200,-,prog,49.93,1238,1200,3,6,+,158.25,|,x,x,x,x,x,x,,,,,,,,
1920x1200@60_CVR,Null,CVR1960D,CVR1960D,1,1,1,08/21/03,44,Null,572821,0,Null,Null,2080,1920,48,32,+,prog,59.95,1235,1200,3,6,-,154,|,x,x,x,x,x,x,,x,x,x,x,x,x,x
1920x1200@60_CVT,Null,*CVT1960D,CVT1960D,1,1,0,08/21/03,45,D100,572828,0,Null,Null,2592,1920,136,200,-,prog,59.89,1245,1200,3,6,+,193.25,|,,x,x,,x,x,,,,,,,,
1920x1200@75_CVT,Null,*CVT1975D,CVT1975D,1,1,0,08/21/03,46,D10F,572844,0,Null,Null,2608,1920,136,208,-,prog,74.93,1255,1200,3,6,+,245.25,|,,x,x,,x,x,,,,,,,,
1920x1200@85_CVT,Null,*CVT1985D,CVT1985D,1,1,0,08/21/03,47,D119,572862,0,Null,Null,2624,1920,144,208,-,prog,84.93,1262,1200,3,6,+,281.25,|,,x,x,,x,x,,,,,,,,
1920x1200@120_CVR,Null,Null,Null,1,2,1,2005/1/7,48,Null,Null,0,Null,Null,2080,1920,48,32,+,prog,119.91,1271,1200,3,6,-,317,|,,,,,x,x,,,,,,,,
1920x1440@50_CVT,Null,*CVT1950,CVT1950,1,0,0,Null,Null,Null,Null,0,Null,Null,2592,1920,136,200,-,prog,49.98,1484,1440,3,4,+,192.25,|,,x,x,,x,x,,,,,,,,
1920x1440@60_CVR,Null,*CVR1960,CVR1960,1,0,0,Null,Null,Null,Null,0,Null,Null,2080,1920,48,32,+,prog,59.97,1481,1440,3,4,-,184.75,|,,x,x,,x,x,,,,,,,,
1920x1440@60_CVT,Null,*CVT1960,CVT1960,1,0,0,Null,Null,Null,Null,0,Null,Null,2608,1920,136,208,-,prog,59.97,1493,1440,3,4,+,233.5,|,,x,x,,x,x,,,,,,,,
1920x1440@60_DMT,Null,DMT1960,DMT1960,1,0,0,09/17/98,49,D140,Null,0,Null,Null,2600,1920,128,208,-,prog,60,1500,1440,1,3,+,234,|,,x,x,,x,x,,,,,,,,
1920x1440@75_CVT,Null,*CVT1975,CVT1975,1,0,0,Null,Null,Null,Null,0,Null,Null,2640,1920,152,208,-,prog,74.95,1506,1440,3,4,+,298,|,,x,x,,x,x,,,,,,,,
1920x1440@75_DMT,Null,DMT1975,DMT1975,1,0,0,09/17/98,4A,D14F,Null,0,Null,Null,2640,1920,144,224,-,prog,75,1500,1440,1,3,+,297,|,,x,x,,x,x,,,,,,,,
1920x1440@120_CVR,Null,Null,Null,1,2,1,2005/1/7,4B,Null,Null,0,Null,Null,2080,1920,48,32,+,prog,119.96,1525,1440,3,4,-,380.5,|,,,,,x,x,,,,,,,,
2048x1152@50_CVT,Null,*CVT2050H,CVT2050H,1,0,0,Null,Null,Null,Null,0,Null,Null,2720,2048,120,216,-,prog,49.98,1188,1152,3,5,+,161.5,|,,x,x,,x,x,,x,x,x,x,,,
2048x1152@60_CVR,Null,*CVR2060H,CVR2060H,1,0,0,Null,Null,Null,Null,0,Null,Null,2208,2048,48,32,+,prog,59.91,1185,1152,3,5,-,156.7503,|,x,x,x,x,x,x,,,,,,,,
2048x1152@60_CVT,Null,*CVT2060H,CVT2060H,1,0,0,Null,Null,Null,Null,0,Null,Null,2752,2048,136,216,-,prog,59.9,1195,1152,3,5,+,196.9992,|,,x,x,,x,x,,,,,,,,
2048x1152@60_DMR,Null,*DMR2060H,DMR2060H,1,0,0,Null,Null,Null,Null,0,Null,Null,2250,2048,26,80,+,prog,60,1200,1152,1,3,+,162,|,,x,x,,x,x,,,,,,,,
2048x1152@75_CVT,Null,*CVT2075H,CVT2075H,1,0,0,Null,Null,Null,Null,0,Null,Null,2784,2048,152,216,-,prog,75.01,1205,1152,3,5,+,251.6402,|,,x,x,,x,x,,x,x,x,x,,,
2048x1152@85_CVT,Null,*CVT2085H,CVT2085H,1,0,0,Null,Null,Null,Null,0,Null,Null,2800,2048,152,224,-,prog,84.94,1212,1152,3,5,+,288.2488,|,,x,x,,x,x,,x,x,x,x,,,
2048x1280@50_CVT,Null,*CVT2050D,CVT2050D,1,0,0,Null,Null,Null,Null,0,Null,Null,2736,2048,128,216,-,prog,49.91,1320,1280,3,6,+,180.2504,|,,x,x,,x,x,,x,x,x,x,,,
2048x1280@60,Null,2048x1280_60Hz,2048x128,1,0,0,Null,Null,Null,Null,0,Null,Null,2784,2048,18,28,-,prog,60,1325,1280,1,3,-,221.328,|,,x,x,,x,x,,,,,,,,
2048x1280@60_CVR,Null,*CVR2060D,CVR2060D,1,0,0,Null,Null,Null,Null,0,Null,Null,2208,2048,48,32,+,prog,59.92,1317,1280,3,6,-,174.2509,|,,x,x,,x,x,,,,,,,,
2048x1280@60_CVT,Null,*CVT2060D,CVT2060D,1,0,0,Null,Null,Null,Null,0,Null,Null,2768,2048,144,216,-,prog,59.96,1327,1280,3,6,+,220.2498,|,,x,x,,x,x,,,,,,,,
2048x1280@75_CVT,Null,*CVT2075D,CVT2075D,1,0,0,Null,Null,Null,Null,0,Null,Null,2800,2048,152,224,-,prog,74.95,1339,1280,3,6,+,280.9996,|,,x,x,,x,x,,x,x,x,x,,,
2048x1536@50_CVT,Null,*CVT2050,CVT2050,1,0,0,Null,Null,Null,Null,0,Null,Null,2768,2048,144,216,-,prog,49.98,1583,1536,3,4,+,219,|,,x,x,,x,x,,x,x,x,x,,,
2048x1536@60_CVR,Null,*CVR2060,CVR2060,1,0,0,Null,Null,Null,Null,0,Null,Null,2208,2048,48,32,+,prog,59.98,1580,1536,3,4,-,209.25,|,,x,x,,x,x,,,,,,,,
2048x1536@60_CVT,Null,*CVT2060,CVT2060,1,0,0,Null,Null,Null,Null,0,Null,Null,2800,2048,152,224,-,prog,59.95,1592,1536,3,4,+,267.25,|,,x,x,,x,x,,,,,,,,
2048x1536@60_DMT,Null,*DMT2060,DMT2060,1,0,0,Null,Null,Null,Null,0,Null,Null,2504,2048,48,216,+,prog,60,1597,1536,1,3,+,239.933,|,,x,x,,x,x,,x,x,x,x,,,
2128x1200@50_CVT,Null,*CVT2150H,CVT2150H,1,0,0,Null,Null,Null,Null,0,Null,Null,2832,2128,128,224,-,prog,49.91,1238,1200,3,5,+,175,|,,x,x,,x,x,,x,x,x,x,,,
2128x1200@60_CVR,Null,*CVR2160H,CVR2160H,1,0,0,Null,Null,Null,Null,0,Null,Null,2288,2128,48,32,+,prog,59.99,1235,1200,3,5,-,169.5,|,,x,x,,x,x,,,,,,,,
2128x1200@60_CVT,Null,*CVT2160H,CVT2160H,1,0,0,Null,Null,Null,Null,0,Null,Null,2864,2128,144,224,-,prog,59.52,1254,1200,3,5,+,213.75,|,,x,x,,x,x,,x,x,x,x,,,
2128x1200@75_CVT,Null,*CVT2175H,CVT2175H,1,0,0,Null,Null,Null,Null,0,Null,Null,2896,2128,160,224,-,prog,74.98,1255,1200,3,5,+,272.5,|,,x,x,,x,x,,x,x,x,x,,,
2304x1440@50_CVT,Null,*CVT2350D,CVT2350D,1,0,0,Null,Null,Null,Null,0,Null,Null,3104,2304,152,248,-,prog,49.99,1484,1440,3,6,+,230.25,|,,x,x,,x,x,,x,x,x,x,,,
2304x1440@60_CVR,Null,*CVR2360D,CVR2360D,1,0,0,Null,Null,Null,Null,0,Null,Null,2464,2304,48,32,+,prog,59.95,1481,1440,3,6,-,218.75,|,,x,x,,x,x,,x,x,x,x,,,
2304x1440@60_CVT,Null,*CVT2360D,CVT2360D,1,0,0,Null,Null,Null,Null,0,Null,Null,3136,2304,168,248,-,prog,59.96,1493,1440,3,6,+,280.75,|,,x,x,,x,x,,x,x,x,x,,,
2456x1536@50_CVT,Null,*CVT2450D,CVT2450D,1,0,0,Null,Null,Null,Null,0,Null,Null,3320,2456,168,264,-,prog,49.95,1583,1536,3,6,+,262.5,|,,x,x,,x,x,,x,x,x,x,,,
2456x1536@60_CVR,Null,*CVR2460D,CVR2460D,1,0,0,Null,Null,Null,Null,0,Null,Null,2616,2456,48,32,+,prog,59.94,1580,1536,3,6,-,247.75,|,,x,x,,x,x,,x,x,x,x,,,
2560x1080p@23,Null,1080p23B,VIC086a,1,0,0,Null,Null,Null,Null,86,Null,Null,3750,2560,998,44,+,prog,23.98,1100,1080,4,5,+,98.9011,|,x,x,x,x,x,x,,,,,,,,
2560x1080p@24,Null,1080p24B,VIC086b,1,0,0,Null,Null,Null,Null,86,Null,Null,3750,2560,998,44,+,prog,24,1100,1080,4,5,+,99,|,x,x,x,x,x,x,,,,,,,,
2560x1080p@25,Null,1080p25B,VIC087,1,0,0,Null,Null,Null,Null,87,Null,Null,3200,2560,448,44,+,prog,25,1125,1080,4,5,+,90,|,x,x,x,x,x,x,,,,,,,,
2560x1080p@29,Null,1080p29B,VIC088a,1,0,0,Null,Null,Null,Null,88,Null,Null,3520,2560,768,44,+,prog,29.97,1125,1080,4,5,+,118.6813,|,x,x,x,x,x,x,,,,,,,,
2560x1080p@30,Null,1080p30B,VIC088b,1,0,0,Null,Null,Null,Null,88,Null,Null,3520,2560,768,44,+,prog,30,1125,1080,4,5,+,118.8,|,x,x,x,x,x,x,,,,,,,,
2560x1080p@50,Null,1080p50B,VIC089,1,0,0,Null,Null,Null,Null,89,Null,Null,3300,2560,548,44,+,prog,50,1125,2560,4,5,+,185.625,|,,x,x,,x,x,,x,x,x,x,,,
2560x1080p@59,Null,1080p59B,VIC090a,1,0,0,Null,Null,Null,Null,90,Null,Null,3000,2560,248,44,+,prog,59.94,1100,2560,4,5,+,197.8022,|,,x,x,,x,x,,,,,,,,
2560x1080p@60,Null,1080p60B,VIC090b,1,0,0,Null,Null,Null,Null,90,Null,Null,3000,2560,248,44,+,prog,60,1100,2560,4,5,+,198,|,,x,x,,x,x,,x,x,x,x,,,
2560x1080p@100,Null,1080p100B,VIC091,1,0,0,Null,Null,Null,Null,91,Null,Null,2970,2560,218,44,+,prog,100,1250,1080,4,5,+,371.25,|,,,,,x,x,,,,,,,,
2560x1080p@119,Null,1080p119B,VIC092a,1,0,0,Null,Null,Null,Null,92,Null,Null,3300,2560,548,44,+,prog,119.88,1250,1080,4,5,+,494.5055,|,,,,,x,x,,,,,,,,
2560x1080p@120,Null,1080p120B,VIC092b,1,0,0,Null,Null,Null,Null,92,Null,Null,3300,2560,548,44,+,prog,120,1250,1080,4,5,+,495,|,,,,,x,x,,,,,,,,
2560x1440@50_CVT,Null,*CVT2550H,CVT2550H,1,0,0,Null,Null,Null,Null,0,Null,Null,3456,2560,176,272,-,prog,49.96,1484,1440,3,5,+,256.25,|,,x,x,,x,x,,x,x,x,x,,,
2560x1440@60_CVR,Null,*CVR2560H,CVR2560H,1,0,0,Null,Null,Null,Null,0,Null,Null,2720,2560,48,32,+,prog,59.95,1481,1440,3,5,-,241.5,|,,x,x,,x,x,,x,x,x,x,,,
2560x1536@60_CVR,Null,*CVR2560E,CVR2560E,1,0,0,Null,Null,Null,Null,0,Null,Null,2720,2560,48,32,+,prog,59.98,1580,1536,3,7,-,257.75,|,,x,x,,x,x,,x,x,x,x,,,
2560x1600@50_CVT,Null,*CVT2550D,CVT2550D,1,0,0,Null,Null,Null,Null,0,Null,Null,3472,2560,184,272,-,prog,49.95,1649,1600,3,6,+,285.9991,|,,x,x,,x,x,,x,x,x,x,,,
2560x1600@60_CVR,Null,*CVR2560D,CVR2560D,1,1,1,2005/1/7,4C,Null,1F3821,0,Null,Null,2720,2560,48,32,+,prog,59.97,1646,1600,3,6,-,268.4994,|,,x,x,,x,x,,x,x,x,x,,,
2560x1600@60_CVT,Null,Null,Null,1,1,0,2005/1/7,4D,Null,1F3828,0,Null,Null,3504,2560,192,280,-,prog,59.99,1658,1600,3,6,+,348.5,|,,,,,x,x,,,,,,,,
2560x1600@75_CVT,Null,Null,Null,1,1,0,2005/1/7,4E,Null,1F3844,0,Null,Null,3536,2560,208,280,-,prog,74.97,1672,1600,3,6,+,443.25,|,,,,,x,x,,,,,,,,
2560x1600@85_CVT,Null,Null,Null,1,1,0,2005/1/7,4F,Null,1F3862,0,Null,Null,3536,2560,208,280,-,prog,84.95,1682,1600,3,6,+,505.25,|,,,,,x,x,,,,,,,,
2560x1600@120_CVT,Null,Null,Null,1,2,1,2005/1/7,50,Null,Null,0,Null,Null,2720,2560,48,32,+,prog,119.96,1694,1600,3,6,-,552.75,|,,,,,x,x,,,,,,,,
2560x2048@60_CVR,Null,CVR2560G,CVR2560G,1,0,0,Null,Null,Null,Null,0,Null,Null,2720,2560,48,32,+,prog,60,2107,2048,3,7,-,343.75,|,,,,,x,x,,,,,,,,
2560x2048@60_CVR2,Null,C2R2560G,C2R2560G,1,0,0,Null,Null,Null,Null,0,Null,Null,2640,2560,8,32,+,prog,60,2107,2048,45,8,-,333.7488,|,,,,,x,x,,,,,,,,
2560x2048@60_CVT,Null,CVT2560G,CVT2560G,1,0,0,Null,Null,Null,Null,0,Null,Null,3536,2560,208,280,-,prog,59.97,2121,2048,3,7,+,449.75,|,,,,,x,x,,,,,,,,
2728x1536@50_CVT,Null,*CVT2750H,CVT2750H,1,0,0,Null,Null,Null,Null,0,Null,Null,3688,2728,192,288,-,prog,49.97,1583,1536,3,5,+,291.75,|,,x,x,,x,x,,x,x,x,x,,,
2728x1536@60_CVR,Null,*CVR2760H,CVR2760H,1,0,0,Null,Null,Null,Null,0,Null,Null,2888,2728,48,32,+,prog,59.99,1580,1536,3,5,-,273.75,|,,x,x,,x,x,,x,x,x,x,,,
2880x240p@59_4:3,Null,*240p4x_1,VIC012a,1,0,0,Null,Null,Null,Null,12,Null,4:03,3432,2880,76,248,-,prog,60.05,262,240,4,3,-,54,|,x,x,x,x,x,x,,,,,,,,
2880x240p@60_4:3,Null,*240p4x_2,VIC012b,1,0,0,Null,Null,Null,Null,12,Null,4:03,3432,2880,76,248,-,prog,60.12,262,240,4,3,-,54.054,|,x,x,x,x,x,x,,,,,,,,
2880x240p@59_16:9,Null,*240p4xS1,VIC013a,1,0,0,Null,Null,Null,Null,13,Null,16:09,3432,2880,76,248,-,prog,60.05,262,240,4,3,-,54,|,x,x,x,x,x,x,,,,,,,,
2880x240p@60_16:9,Null,*240p4xS2,VIC013b,1,0,0,Null,Null,Null,Null,13,Null,16:09,3432,2880,76,248,-,prog,60.12,262,240,4,3,-,54.054,|,x,x,x,x,x,x,,,,,,,,
2880x288p@50_4:3,Null,*288p4x_1,VIC027,1,0,0,Null,Null,Null,Null,27,Null,4:03,3456,2880,48,252,-,prog,50.08,312,288,2,3,-,54,|,x,x,x,x,x,x,,,,,,,,
2880x288p@50_16:9,Null,*288p4xS1,VIC028,1,0,0,Null,Null,Null,Null,28,Null,16:09,3456,2880,48,252,-,prog,50.08,312,288,2,3,-,54,|,x,x,x,x,x,x,,,,,,,,
2880x480i@59_4:3,2880x240,*480i4x29,VIC010a,1,0,0,Null,Null,Null,Null,10,Null,4:03,3432,2880,76,248,-,int,29.96,262,480,4,3,-,54,|,x,x,x,x,x,x,,,,,,,,
2880x480i@60_4:3,2880x240,*480i4x30,VIC010b,1,0,0,Null,Null,Null,Null,10,Null,4:03,3432,2880,76,248,-,int,30,262,480,4,3,-,54.054,|,x,x,x,x,x,x,,,,,,,,
2880x480i@59_16:9,2880x240,*480i4xS1,VIC011a,1,0,0,Null,Null,Null,Null,11,Null,16:09,3432,2880,76,248,-,int,29.96,262,480,4,3,-,54,|,x,x,x,x,x,x,,,,,,,,
2880x480i@60_16:9,2880x240,*480i4xS2,VIC011b,1,0,0,Null,Null,Null,Null,11,Null,16:09,3432,2880,76,248,-,int,30,262,480,4,3,-,54.054,|,x,x,x,x,x,x,,,,,,,,
2880x480p@60_4:3,Null,*480p4x59,VIC035,1,0,0,Null,Null,Null,Null,35,Null,4:03,3432,2880,64,248,-,prog,59.94,525,480,9,6,-,108,|,x,x,x,x,x,x,,,,,,,,
2880x480p@60_16:9,Null,*480p4x60,VIC036,1,0,0,Null,Null,Null,Null,36,Null,16:09,3432,2880,64,248,-,prog,60,525,480,9,6,-,108.108,|,x,x,x,x,x,x,,,,,,,,
2880x576i@50_4:3,2880x288,*576i4x25,VIC025,1,0,0,Null,Null,Null,Null,25,Null,4:03,3456,2880,48,252,-,int,25,312,576,2,3,-,54,|,x,x,x,x,x,x,,,,,,,,
2880x576i@50_16:9,2880x288,*576i4xSH,VIC026,1,0,0,Null,Null,Null,Null,26,Null,16:09,3456,2880,48,252,-,int,25,312,576,2,3,-,54,|,x,x,x,x,x,x,,,,,,,,
2880x576p@50_4:3,Null,*576p4x50,VIC037,1,0,0,Null,Null,Null,Null,37,Null,4:03,3456,2880,48,256,-,prog,50,625,576,5,5,-,108,|,x,x,x,x,x,x,,,,,,,,
2880x576p@50_16:9,Null,*576p4xSH,VIC038,1,0,0,Null,Null,Null,Null,38,Null,16:09,3456,2880,48,256,-,prog,50,625,576,5,5,-,108,|,x,x,x,x,x,x,,,,,,,,
3840x2160@60_CVR,Null,CVR3860H,CVR3860H,1,0,0,Null,Null,Null,Null,0,Null,Null,4000,3840,48,32,+,prog,60,2222,2160,3,5,-,533.25,|,,x,,x,x,x,,x,x,x,x,,,
3840x2160@60_C2R,Null,C2R3860H,C2R3860H,1,0,0,Null,Null,Null,Null,0,Null,Null,3920,3840,8,32,+,prog,60,2222,2160,48,8,-,522.6144,|,,,,x,x,x,,,,,,,,
3840x2160p@23_16:9,Null,2160p23,Null,0,0,0,Null,Null,Null,Null,93,3,16:09,5500,3840,1276,88,+,prog,23.98,2250,2160,8,10,+,296.7033,|,,x,x,,x,x,,x,x,x,x,,,
3840x2160p@24_16:9,Null,2160p24,VIC093b,0,0,0,Null,Null,Null,Null,93,3,16:09,5500,3840,1276,88,+,prog,24,2250,2160,8,10,+,297,|,,x,x,,x,x,,x,x,x,x,,x,x
3840x2160p@25_16:9,Null,2160p25,VIC094,0,0,0,Null,Null,Null,Null,94,2,16:09,5280,3840,1056,88,+,prog,25,2250,2160,8,10,+,297,|,,x,x,,x,x,,x,x,x,x,,x,x
3840x2160p@29_16:9,Null,2160p29,VIC095a,1,0,0,Null,Null,Null,Null,95,1,16:09,4400,3840,176,88,+,prog,29.97,2250,2160,8,10,+,296.7033,|,,x,x,,x,x,,,,,,,,
3840x2160p@30_16:9,Null,2160p30,VIC095b,1,0,0,Null,Null,Null,Null,95,1,16:09,4400,3840,176,88,+,prog,30,2250,2160,8,10,+,297,|,,x,x,,x,x,,x,x,x,x,,x,x
3840x2160p@50_16:9,Null,2160p50,VIC096,0,0,0,Null,Null,Null,Null,96,Null,16:09,5280,3840,1056,88,+,prog,50,2250,2160,8,10,+,594,|,,x,x,,x,x,,x,x,x,x,,,
3840x2160p@59_16:9,Null,2160p59,VIC097a,1,0,0,Null,Null,Null,Null,97,Null,16:09,4400,3840,176,88,+,prog,59.94,2250,2160,8,10,+,593.4066,|,,x,x,,x,x,,,,,,,,
3840x2160p@60_16:9,Null,2160p60,VIC097b,1,0,0,Null,Null,Null,Null,97,Null,16:09,4400,3840,176,88,+,prog,60,2250,2160,8,10,+,594,|,,x,x,,x,x,,x,x,x,x,,x,x
3840x2160p@23_64:27,Null,2160p23SB,Null,0,0,0,Null,Null,Null,Null,103,Null,Null,5500,3840,1276,88,+,prog,23.98,2250,2160,8,10,+,296.7033,|,,x,x,,x,x,,,,,,,,
3840x2160p@24_64:27,Null,2160p24SB,VIC103b,0,0,0,Null,Null,Null,Null,103,Null,Null,5500,3840,1276,88,+,prog,24,2250,2160,8,10,+,297,|,,x,x,,x,x,,,,,,,,
3840x2160p@25_64:27,Null,2160p25SB,VIC104,0,0,0,Null,Null,Null,Null,104,Null,Null,5280,3840,1056,88,+,prog,25,2250,2160,8,10,+,297,|,,x,x,,x,x,,,,,,,,
3840x2160p@29_64:27,Null,2160p29SB,VIC105a,1,0,0,Null,Null,Null,Null,105,Null,Null,4400,3840,176,88,+,prog,29.97,2250,2160,8,10,+,296.7033,|,,x,x,,x,x,,,,,,,,
3840x2160p@30_64:27,Null,2160p30SB,VIC105b,1,0,0,Null,Null,Null,Null,105,Null,Null,4400,3840,176,88,+,prog,30,2250,2160,8,10,+,297,|,,x,x,,x,x,,,,,,,,
3840x2160p@50_64:27,Null,2160p50SB,VIC106,0,0,0,Null,Null,Null,Null,106,Null,Null,5280,3840,1056,88,+,prog,50,2250,2160,8,10,+,594,|,,x,x,,x,x,,,,,,,,
3840x2160p@59_64:27,Null,2160p59SB,VIC107a,1,0,0,Null,Null,Null,Null,107,Null,Null,4400,3840,176,88,+,prog,59.94,2250,2160,8,10,+,593.4066,|,,x,x,,x,x,,,,,,,,
3840x2160p@60_64:27,Null,2160p60SB,VIC107b,1,0,0,Null,Null,Null,Null,107,Null,Null,4400,3840,176,88,+,prog,60,2250,2160,8,10,+,594,|,,x,x,,x,x,,,,,,,,
4096x2160p@23,Null,2160p23w,Null,0,0,0,Null,Null,Null,Null,98,4,Null,5500,4096,1020,88,+,prog,23.98,2250,2160,8,10,+,296.7033,|,,x,x,,x,x,,,,,,,,
4096x2160p@24,Null,2160p24w,VIC098b,0,0,0,Null,Null,Null,Null,98,4,Null,5500,4096,1020,88,+,prog,24,2250,2160,8,10,+,297,|,,x,x,,x,x,,x,x,x,x,,x,x
4096x2160p@25,Null,2160p25w,VIC099,0,0,0,Null,Null,Null,Null,99,Null,Null,5280,4096,968,88,+,prog,25,2250,2160,8,10,+,297,|,,x,x,,x,x,,,,,,,x,x
4096x2160p@29,Null,2160p29w,Null,0,0,0,Null,Null,Null,Null,100,Null,Null,4400,4096,88,88,+,prog,29.97,2250,2160,8,10,+,296.7033,|,,x,x,,x,x,,,,,,,,
4096x2160p@30,Null,2160p30w,VIC100b,0,0,0,Null,Null,Null,Null,100,Null,Null,4400,4096,88,88,+,prog,30,2250,2160,8,10,+,297,|,,x,x,,x,x,,x,x,x,x,,x,x
4096x2160p@50,Null,2160p50w,VIC101,0,0,0,Null,Null,Null,Null,101,Null,Null,5280,4096,968,88,+,prog,50,2250,2160,8,10,+,594,|,,x,x,,x,x,,,,,,,,
4096x2160p@59,Null,2160p59w,Null,0,0,0,Null,Null,Null,Null,102,Null,Null,4400,4096,88,88,+,prog,59.94,2250,2160,8,10,+,593.4066,|,,x,x,,x,x,,,,,,,,
4096x2160p@60,Null,2160p60w,VIC102b,0,0,0,Null,Null,Null,Null,102,Null,Null,4400,4096,88,88,+,prog,60,2250,2160,8,10,+,594,|,,x,x,,x,x,,x,x,x,x,,x,x
